PassengerId,Survived,Pclass,Sex,Age,SibSp,Parch,Fare,Embarked,Name,Cabin,Ticket
1,0,0.242362525,0.188908146,22,1,0,7.25,0.339009288,0.156673,0.29985444,1
2,1,0.62962963,0.742038217,38,1,0,71.2833,0.553571429,0.782,0.593220339,2
3,1,0.242362525,0.742038217,26,0,0,7.925,0.339009288,0.697802,0.29985444,1
4,1,0.62962963,0.742038217,35,1,0,53.1,0.339009288,0.782,0.593220339,2
5,0,0.242362525,0.188908146,35,0,0,8.05,0.339009288,0.156673,0.29985444,1
6,0,0.242362525,0.188908146,27,0,0,8.4583,0.38961039,0.156673,0.29985444,1
7,0,0.62962963,0.188908146,54,0,0,51.8625,0.339009288,0.156673,0.75,2
8,0,0.242362525,0.188908146,2,3,1,21.075,0.339009288,0.575,0.29985444,5
9,1,0.242362525,0.742038217,27,0,2,11.1333,0.339009288,0.782,0.29985444,3
10,1,0.472826087,0.742038217,14,1,0,30.0708,0.553571429,0.782,0.29985444,2
11,1,0.242362525,0.742038217,4,1,1,16.7,0.339009288,0.697802,0.5,3
12,1,0.62962963,0.742038217,58,0,0,26.55,0.339009288,0.697802,0.593220339,1
13,0,0.242362525,0.188908146,20,0,0,8.05,0.339009288,0.156673,0.29985444,1
14,0,0.242362525,0.188908146,39,1,5,31.275,0.339009288,0.156673,0.29985444,7
15,0,0.242362525,0.742038217,14,0,0,7.8542,0.339009288,0.697802,0.29985444,1
16,1,0.472826087,0.742038217,55,0,0,16,0.339009288,0.782,0.29985444,1
17,0,0.242362525,0.188908146,2,4,1,29.125,0.38961039,0.575,0.29985444,6
18,1,0.472826087,0.188908146,31,0,0,13,0.339009288,0.156673,0.29985444,1
19,0,0.242362525,0.742038217,31,1,0,18,0.339009288,0.782,0.29985444,2
20,1,0.242362525,0.742038217,27,0,0,7.225,0.553571429,0.782,0.29985444,1
21,0,0.472826087,0.188908146,35,0,0,26,0.339009288,0.156673,0.29985444,2
22,1,0.472826087,0.188908146,34,0,0,13,0.339009288,0.156673,0.757575758,1
23,1,0.242362525,0.742038217,15,0,0,8.0292,0.38961039,0.697802,0.29985444,1
24,1,0.62962963,0.188908146,28,0,0,35.5,0.339009288,0.156673,0.466666667,1
25,0,0.242362525,0.742038217,8,3,1,21.075,0.339009288,0.697802,0.29985444,5
26,1,0.242362525,0.742038217,38,1,5,31.3875,0.339009288,0.782,0.29985444,7
27,0,0.242362525,0.188908146,27,0,0,7.225,0.553571429,0.156673,0.29985444,1
28,0,0.62962963,0.188908146,19,3,2,263,0.339009288,0.156673,0.593220339,6
29,1,0.242362525,0.742038217,27,0,0,7.8792,0.38961039,0.697802,0.29985444,1
30,0,0.242362525,0.188908146,27,0,0,7.8958,0.339009288,0.156673,0.29985444,1
31,0,0.62962963,0.188908146,40,0,0,27.7208,0.553571429,0,0.29985444,1
32,1,0.62962963,0.742038217,40,1,0,146.5208,0.553571429,0.782,0.744680851,3
33,1,0.242362525,0.742038217,27,0,0,7.75,0.38961039,0.697802,0.29985444,1
34,0,0.472826087,0.188908146,66,0,0,10.5,0.339009288,0.156673,0.29985444,1
35,0,0.62962963,0.188908146,28,1,0,82.1708,0.553571429,0.156673,0.29985444,2
36,0,0.62962963,0.188908146,42,1,0,52,0.339009288,0.156673,0.29985444,2
37,1,0.242362525,0.188908146,27,0,0,7.2292,0.553571429,0.156673,0.29985444,1
38,0,0.242362525,0.188908146,21,0,0,8.05,0.339009288,0.156673,0.29985444,1
39,0,0.242362525,0.742038217,18,2,0,18,0.339009288,0.697802,0.29985444,2
40,1,0.242362525,0.742038217,14,1,0,11.2417,0.553571429,0.697802,0.29985444,2
41,0,0.242362525,0.742038217,40,1,0,9.475,0.339009288,0.782,0.29985444,1
42,0,0.472826087,0.742038217,27,1,0,21,0.339009288,0.782,0.29985444,2
43,0,0.242362525,0.188908146,27,0,0,7.8958,0.553571429,0.156673,0.29985444,1
44,1,0.472826087,0.742038217,3,1,2,41.5792,0.553571429,0.697802,0.29985444,4
45,1,0.242362525,0.742038217,19,0,0,7.8792,0.38961039,0.697802,0.29985444,1
46,0,0.242362525,0.188908146,27,0,0,8.05,0.339009288,0.156673,0.29985444,1
47,0,0.242362525,0.188908146,24,1,0,15.5,0.38961039,0.156673,0.29985444,2
48,1,0.242362525,0.742038217,27,0,0,7.75,0.38961039,0.697802,0.29985444,1
49,0,0.242362525,0.188908146,19,2,0,21.6792,0.553571429,0.156673,0.29985444,3
50,0,0.242362525,0.742038217,18,1,0,17.8,0.339009288,0.782,0.29985444,2
51,0,0.242362525,0.188908146,7,4,1,39.6875,0.339009288,0.575,0.29985444,7
52,0,0.242362525,0.188908146,21,0,0,7.8,0.339009288,0.156673,0.29985444,1
53,1,0.62962963,0.742038217,49,1,0,76.7292,0.553571429,0.782,0.757575758,3
54,1,0.472826087,0.742038217,29,1,0,26,0.339009288,0.782,0.29985444,2
55,0,0.62962963,0.188908146,65,0,1,61.9792,0.553571429,0.156673,0.744680851,2
56,1,0.62962963,0.188908146,39,0,0,35.5,0.339009288,0.156673,0.593220339,1
57,1,0.472826087,0.742038217,21,0,0,10.5,0.339009288,0.697802,0.29985444,1
58,0,0.242362525,0.188908146,28.5,0,0,7.2292,0.553571429,0.156673,0.29985444,1
59,1,0.472826087,0.742038217,5,1,2,27.75,0.339009288,0.697802,0.29985444,4
60,0,0.242362525,0.188908146,11,5,2,46.9,0.339009288,0.575,0.29985444,8
61,0,0.242362525,0.188908146,22,0,0,7.2292,0.553571429,0.156673,0.29985444,1
62,1,0.62962963,0.742038217,38,0,0,80,0.339009288,0.697802,0.744680851,2
63,0,0.62962963,0.188908146,45,1,0,83.475,0.339009288,0.156673,0.593220339,2
64,0,0.242362525,0.188908146,4,3,2,27.9,0.339009288,0.575,0.29985444,6
65,0,0.62962963,0.188908146,39,0,0,27.7208,0.553571429,0.156673,0.29985444,1
66,1,0.242362525,0.188908146,24,1,1,15.2458,0.553571429,0.575,0.29985444,3
67,1,0.472826087,0.742038217,29,0,0,10.5,0.339009288,0.782,0.615384615,1
68,0,0.242362525,0.188908146,19,0,0,8.1583,0.339009288,0.156673,0.29985444,1
69,1,0.242362525,0.742038217,17,4,2,7.925,0.339009288,0.697802,0.29985444,1
70,0,0.242362525,0.188908146,26,2,0,8.6625,0.339009288,0.156673,0.29985444,1
71,0,0.472826087,0.188908146,32,0,0,10.5,0.339009288,0.156673,0.29985444,1
72,0,0.242362525,0.742038217,16,5,2,46.9,0.339009288,0.697802,0.29985444,8
73,0,0.472826087,0.188908146,21,0,0,73.5,0.339009288,0.156673,0.29985444,7
74,0,0.242362525,0.188908146,26,1,0,14.4542,0.553571429,0.156673,0.29985444,2
75,1,0.242362525,0.188908146,32,0,0,56.4958,0.339009288,0.156673,0.29985444,8
76,0,0.242362525,0.188908146,25,0,0,7.65,0.339009288,0.156673,0.615384615,1
77,0,0.242362525,0.188908146,27,0,0,7.8958,0.339009288,0.156673,0.29985444,1
78,0,0.242362525,0.188908146,27,0,0,8.05,0.339009288,0.156673,0.29985444,1
79,1,0.472826087,0.188908146,0.83,0,2,29,0.339009288,0.575,0.29985444,3
80,1,0.242362525,0.742038217,30,0,0,12.475,0.339009288,0.697802,0.29985444,2
81,0,0.242362525,0.188908146,22,0,0,9,0.339009288,0.156673,0.29985444,1
82,1,0.242362525,0.188908146,29,0,0,9.5,0.339009288,0.156673,0.29985444,1
83,1,0.242362525,0.742038217,27,0,0,7.7875,0.38961039,0.697802,0.29985444,1
84,0,0.62962963,0.188908146,28,0,0,47.1,0.339009288,0.156673,0.29985444,2
85,1,0.472826087,0.742038217,17,0,0,10.5,0.339009288,0.697802,0.29985444,1
86,1,0.242362525,0.742038217,33,3,0,15.85,0.339009288,0.782,0.29985444,2
87,0,0.242362525,0.188908146,16,1,3,34.375,0.339009288,0.156673,0.29985444,5
88,0,0.242362525,0.188908146,27,0,0,8.05,0.339009288,0.156673,0.29985444,1
89,1,0.62962963,0.742038217,23,3,2,263,0.339009288,0.697802,0.593220339,6
90,0,0.242362525,0.188908146,24,0,0,8.05,0.339009288,0.156673,0.29985444,1
91,0,0.242362525,0.188908146,29,0,0,8.05,0.339009288,0.156673,0.29985444,1
92,0,0.242362525,0.188908146,20,0,0,7.8542,0.339009288,0.156673,0.29985444,1
93,0,0.62962963,0.188908146,46,1,0,61.175,0.339009288,0.156673,0.75,2
94,0,0.242362525,0.188908146,26,1,2,20.575,0.339009288,0.156673,0.29985444,4
95,0,0.242362525,0.188908146,59,0,0,7.25,0.339009288,0.156673,0.29985444,1
96,0,0.242362525,0.188908146,27,0,0,8.05,0.339009288,0.156673,0.29985444,1
97,0,0.62962963,0.188908146,71,0,0,34.6542,0.553571429,0.156673,0.466666667,1
98,1,0.62962963,0.188908146,23,0,1,63.3583,0.553571429,0.156673,0.757575758,2
99,1,0.472826087,0.742038217,34,0,1,23,0.339009288,0.782,0.29985444,2
100,0,0.472826087,0.188908146,34,1,0,26,0.339009288,0.156673,0.29985444,2
101,0,0.242362525,0.742038217,28,0,0,7.8958,0.339009288,0.697802,0.29985444,1
102,0,0.242362525,0.188908146,27,0,0,7.8958,0.339009288,0.156673,0.29985444,1
103,0,0.62962963,0.188908146,21,0,1,77.2875,0.339009288,0.156673,0.757575758,2
104,0,0.242362525,0.188908146,33,0,0,8.6542,0.339009288,0.156673,0.29985444,1
105,0,0.242362525,0.188908146,37,2,0,7.925,0.339009288,0.156673,0.29985444,1
106,0,0.242362525,0.188908146,28,0,0,7.8958,0.339009288,0.156673,0.29985444,1
107,1,0.242362525,0.742038217,21,0,0,7.65,0.339009288,0.697802,0.29985444,1
108,1,0.242362525,0.188908146,27,0,0,7.775,0.339009288,0.156673,0.29985444,1
109,0,0.242362525,0.188908146,38,0,0,7.8958,0.339009288,0.156673,0.29985444,1
110,1,0.242362525,0.742038217,24,1,0,24.15,0.38961039,0.697802,0.29985444,3
111,0,0.62962963,0.188908146,47,0,0,52,0.339009288,0.156673,0.593220339,2
112,0,0.242362525,0.742038217,14.5,1,0,14.4542,0.553571429,0.697802,0.29985444,2
113,0,0.242362525,0.188908146,22,0,0,8.05,0.339009288,0.156673,0.29985444,1
114,0,0.242362525,0.742038217,20,1,0,9.825,0.339009288,0.697802,0.29985444,1
115,0,0.242362525,0.742038217,17,0,0,14.4583,0.553571429,0.697802,0.29985444,2
116,0,0.242362525,0.188908146,21,0,0,7.925,0.339009288,0.156673,0.29985444,1
117,0,0.242362525,0.188908146,70.5,0,0,7.75,0.38961039,0.156673,0.29985444,1
118,0,0.472826087,0.188908146,29,1,0,21,0.339009288,0.156673,0.29985444,2
119,0,0.62962963,0.188908146,24,0,1,247.5208,0.553571429,0.156673,0.744680851,3
120,0,0.242362525,0.742038217,2,4,2,31.275,0.339009288,0.697802,0.29985444,7
121,0,0.472826087,0.188908146,21,2,0,73.5,0.339009288,0.156673,0.29985444,7
122,0,0.242362525,0.188908146,27,0,0,8.05,0.339009288,0.156673,0.29985444,1
123,0,0.472826087,0.188908146,32.5,1,0,30.0708,0.553571429,0.156673,0.29985444,2
124,1,0.472826087,0.742038217,32.5,0,0,13,0.339009288,0.697802,0.75,1
125,0,0.62962963,0.188908146,54,0,1,77.2875,0.339009288,0.156673,0.757575758,2
126,1,0.242362525,0.188908146,12,1,0,11.2417,0.553571429,0.575,0.29985444,2
127,0,0.242362525,0.188908146,27,0,0,7.75,0.38961039,0.156673,0.29985444,1
128,1,0.242362525,0.188908146,24,0,0,7.1417,0.339009288,0.156673,0.29985444,1
129,1,0.242362525,0.742038217,24,1,1,22.3583,0.553571429,0.697802,0.615384615,3
130,0,0.242362525,0.188908146,45,0,0,6.975,0.339009288,0.156673,0.29985444,1
131,0,0.242362525,0.188908146,33,0,0,7.8958,0.553571429,0.156673,0.29985444,1
132,0,0.242362525,0.188908146,20,0,0,7.05,0.339009288,0.156673,0.29985444,1
133,0,0.242362525,0.742038217,47,1,0,14.5,0.339009288,0.782,0.29985444,2
134,1,0.472826087,0.742038217,29,1,0,26,0.339009288,0.782,0.29985444,2
135,0,0.472826087,0.188908146,25,0,0,13,0.339009288,0.156673,0.29985444,1
136,0,0.472826087,0.188908146,23,0,0,15.0458,0.553571429,0.156673,0.29985444,1
137,1,0.62962963,0.742038217,19,0,2,26.2833,0.339009288,0.697802,0.757575758,1
138,0,0.62962963,0.188908146,37,1,0,53.1,0.339009288,0.156673,0.593220339,2
139,0,0.242362525,0.188908146,16,0,0,9.2167,0.339009288,0.156673,0.29985444,2
140,0,0.62962963,0.188908146,24,0,0,79.2,0.553571429,0.156673,0.744680851,2
141,0,0.242362525,0.742038217,27,0,2,15.2458,0.553571429,0.782,0.29985444,3
142,1,0.242362525,0.742038217,22,0,0,7.75,0.339009288,0.697802,0.29985444,1
143,1,0.242362525,0.742038217,24,1,0,15.85,0.339009288,0.782,0.29985444,2
144,0,0.242362525,0.188908146,19,0,0,6.75,0.38961039,0.156673,0.29985444,1
145,0,0.472826087,0.188908146,18,0,0,11.5,0.339009288,0.156673,0.29985444,1
146,0,0.472826087,0.188908146,19,1,1,36.75,0.339009288,0.156673,0.29985444,4
147,1,0.242362525,0.188908146,27,0,0,7.7958,0.339009288,0.156673,0.29985444,1
148,0,0.242362525,0.742038217,9,2,2,34.375,0.339009288,0.697802,0.29985444,5
149,0,0.472826087,0.188908146,36.5,0,2,26,0.339009288,0.156673,0.615384615,3
150,0,0.472826087,0.188908146,42,0,0,13,0.339009288,0,0.29985444,1
151,0,0.472826087,0.188908146,51,0,0,12.525,0.339009288,0,0.29985444,1
152,1,0.62962963,0.742038217,22,1,0,66.6,0.339009288,0.782,0.593220339,2
153,0,0.242362525,0.188908146,55.5,0,0,8.05,0.339009288,0.156673,0.29985444,1
154,0,0.242362525,0.188908146,40.5,0,2,14.5,0.339009288,0.156673,0.29985444,3
155,0,0.242362525,0.188908146,27,0,0,7.3125,0.339009288,0.156673,0.29985444,1
156,0,0.62962963,0.188908146,51,0,1,61.3792,0.553571429,0.156673,0.29985444,2
157,1,0.242362525,0.742038217,16,0,0,7.7333,0.38961039,0.697802,0.29985444,1
158,0,0.242362525,0.188908146,30,0,0,8.05,0.339009288,0.156673,0.29985444,1
159,0,0.242362525,0.188908146,27,0,0,8.6625,0.339009288,0.156673,0.29985444,1
160,0,0.242362525,0.188908146,15,8,2,69.55,0.339009288,0.575,0.29985444,11
161,0,0.242362525,0.188908146,44,0,1,16.1,0.339009288,0.156673,0.29985444,2
162,1,0.472826087,0.742038217,40,0,0,15.75,0.339009288,0.782,0.29985444,2
163,0,0.242362525,0.188908146,26,0,0,7.775,0.339009288,0.156673,0.29985444,1
164,0,0.242362525,0.188908146,17,0,0,8.6625,0.339009288,0.156673,0.29985444,1
165,0,0.242362525,0.188908146,1,4,1,39.6875,0.339009288,0.575,0.29985444,7
166,1,0.242362525,0.188908146,9,0,2,20.525,0.339009288,0.575,0.29985444,3
167,1,0.62962963,0.742038217,39,0,1,55,0.339009288,0.782,0.75,2
168,0,0.242362525,0.742038217,45,1,4,27.9,0.339009288,0.782,0.29985444,6
169,0,0.62962963,0.188908146,39,0,0,25.925,0.339009288,0.156673,0.29985444,1
170,0,0.242362525,0.188908146,28,0,0,56.4958,0.339009288,0.156673,0.29985444,8
171,0,0.62962963,0.188908146,61,0,0,33.5,0.339009288,0.156673,0.744680851,1
172,0,0.242362525,0.188908146,4,4,1,29.125,0.38961039,0.575,0.29985444,6
173,1,0.242362525,0.742038217,1,1,1,11.1333,0.339009288,0.697802,0.29985444,3
174,0,0.242362525,0.188908146,21,0,0,7.925,0.339009288,0.156673,0.29985444,1
175,0,0.62962963,0.188908146,56,0,0,30.6958,0.553571429,0.156673,0.466666667,1
176,0,0.242362525,0.188908146,18,1,1,7.8542,0.339009288,0.156673,0.29985444,1
177,0,0.242362525,0.188908146,12,3,1,25.4667,0.339009288,0.575,0.29985444,5
178,0,0.62962963,0.742038217,50,0,0,28.7125,0.553571429,0.697802,0.593220339,1
179,0,0.472826087,0.188908146,30,0,0,13,0.339009288,0.156673,0.29985444,1
180,0,0.242362525,0.188908146,36,0,0,0,0.339009288,0.156673,0.29985444,4
181,0,0.242362525,0.742038217,15,8,2,69.55,0.339009288,0.697802,0.29985444,11
182,0,0.472826087,0.188908146,31,0,0,15.05,0.553571429,0.156673,0.29985444,1
183,0,0.242362525,0.188908146,9,4,2,31.3875,0.339009288,0.575,0.29985444,7
184,1,0.472826087,0.188908146,1,2,1,39,0.339009288,0.575,0.615384615,4
185,1,0.242362525,0.742038217,4,0,2,22.025,0.339009288,0.697802,0.29985444,3
186,0,0.62962963,0.188908146,39,0,0,50,0.339009288,0.156673,0.466666667,1
187,1,0.242362525,0.742038217,24,1,0,15.5,0.38961039,0.782,0.29985444,2
188,1,0.62962963,0.188908146,45,0,0,26.55,0.339009288,0.156673,0.29985444,1
189,0,0.242362525,0.188908146,40,1,1,15.5,0.38961039,0.156673,0.29985444,2
190,0,0.242362525,0.188908146,36,0,0,7.8958,0.339009288,0.156673,0.29985444,1
191,1,0.472826087,0.742038217,32,0,0,13,0.339009288,0.782,0.29985444,1
192,0,0.472826087,0.188908146,19,0,0,13,0.339009288,0.156673,0.29985444,1
193,1,0.242362525,0.742038217,19,1,0,7.8542,0.339009288,0.697802,0.29985444,1
194,1,0.472826087,0.188908146,3,1,1,26,0.339009288,0.575,0.615384615,3
195,1,0.62962963,0.742038217,44,0,0,27.7208,0.553571429,0.782,0.744680851,1
196,1,0.62962963,0.742038217,58,0,0,146.5208,0.553571429,0.697802,0.744680851,3
197,0,0.242362525,0.188908146,27,0,0,7.75,0.38961039,0.156673,0.29985444,1
198,0,0.242362525,0.188908146,42,0,1,8.4042,0.339009288,0.156673,0.29985444,1
199,1,0.242362525,0.742038217,27,0,0,7.75,0.38961039,0.697802,0.29985444,1
200,0,0.472826087,0.742038217,24,0,0,13,0.339009288,0.697802,0.29985444,1
201,0,0.242362525,0.188908146,28,0,0,9.5,0.339009288,0.156673,0.29985444,1
202,0,0.242362525,0.188908146,15,8,2,69.55,0.339009288,0.156673,0.29985444,11
203,0,0.242362525,0.188908146,34,0,0,6.4958,0.339009288,0.156673,0.29985444,1
204,0,0.242362525,0.188908146,45.5,0,0,7.225,0.553571429,0.156673,0.29985444,1
205,1,0.242362525,0.188908146,18,0,0,8.05,0.339009288,0.156673,0.29985444,1
206,0,0.242362525,0.742038217,2,0,1,10.4625,0.339009288,0.697802,0.5,2
207,0,0.242362525,0.188908146,32,1,0,15.85,0.339009288,0.156673,0.29985444,2
208,1,0.242362525,0.188908146,26,0,0,18.7875,0.553571429,0.156673,0.29985444,2
209,1,0.242362525,0.742038217,16,0,0,7.75,0.38961039,0.697802,0.29985444,1
210,1,0.62962963,0.188908146,40,0,0,31,0.553571429,0.156673,0.466666667,1
211,0,0.242362525,0.188908146,24,0,0,7.05,0.339009288,0.156673,0.29985444,1
212,1,0.472826087,0.742038217,35,0,0,21,0.339009288,0.697802,0.29985444,2
213,0,0.242362525,0.188908146,22,0,0,7.25,0.339009288,0.156673,0.29985444,1
214,0,0.472826087,0.188908146,30,0,0,13,0.339009288,0.156673,0.29985444,1
215,0,0.242362525,0.188908146,24,1,0,7.75,0.38961039,0.156673,0.29985444,1
216,1,0.62962963,0.742038217,31,1,0,113.275,0.553571429,0.697802,0.757575758,3
217,1,0.242362525,0.742038217,27,0,0,7.925,0.339009288,0.697802,0.29985444,1
218,0,0.472826087,0.188908146,42,1,0,27,0.339009288,0.156673,0.29985444,2
219,1,0.62962963,0.742038217,32,0,0,76.2917,0.553571429,0.697802,0.757575758,2
220,0,0.472826087,0.188908146,30,0,0,10.5,0.339009288,0.156673,0.29985444,1
221,1,0.242362525,0.188908146,16,0,0,8.05,0.339009288,0.156673,0.29985444,1
222,0,0.472826087,0.188908146,27,0,0,13,0.339009288,0.156673,0.29985444,1
223,0,0.242362525,0.188908146,51,0,0,8.05,0.339009288,0.156673,0.29985444,1
224,0,0.242362525,0.188908146,27,0,0,7.8958,0.339009288,0.156673,0.29985444,1
225,1,0.62962963,0.188908146,38,1,0,90,0.339009288,0.156673,0.593220339,2
226,0,0.242362525,0.188908146,22,0,0,9.35,0.339009288,0.156673,0.29985444,1
227,1,0.472826087,0.188908146,19,0,0,10.5,0.339009288,0.156673,0.29985444,1
228,0,0.242362525,0.188908146,20.5,0,0,7.25,0.339009288,0.156673,0.29985444,1
229,0,0.472826087,0.188908146,18,0,0,13,0.339009288,0.156673,0.29985444,1
230,0,0.242362525,0.742038217,12,3,1,25.4667,0.339009288,0.697802,0.29985444,5
231,1,0.62962963,0.742038217,35,1,0,83.475,0.339009288,0.782,0.593220339,2
232,0,0.242362525,0.188908146,29,0,0,7.775,0.339009288,0.156673,0.29985444,1
233,0,0.472826087,0.188908146,59,0,0,13.5,0.339009288,0.156673,0.29985444,1
234,1,0.242362525,0.742038217,5,4,2,31.3875,0.339009288,0.697802,0.29985444,7
235,0,0.472826087,0.188908146,24,0,0,10.5,0.339009288,0.156673,0.29985444,1
236,0,0.242362525,0.742038217,27,0,0,7.55,0.339009288,0.697802,0.29985444,1
237,0,0.472826087,0.188908146,44,1,0,26,0.339009288,0.156673,0.29985444,2
238,1,0.472826087,0.742038217,8,0,2,26.25,0.339009288,0.697802,0.29985444,3
239,0,0.472826087,0.188908146,19,0,0,10.5,0.339009288,0.156673,0.29985444,1
240,0,0.472826087,0.188908146,33,0,0,12.275,0.339009288,0.156673,0.29985444,1
241,0,0.242362525,0.742038217,24,1,0,14.4542,0.553571429,0.697802,0.29985444,2
242,1,0.242362525,0.742038217,24,1,0,15.5,0.38961039,0.697802,0.29985444,2
243,0,0.472826087,0.188908146,29,0,0,10.5,0.339009288,0.156673,0.29985444,1
244,0,0.242362525,0.188908146,22,0,0,7.125,0.339009288,0.156673,0.29985444,1
245,0,0.242362525,0.188908146,30,0,0,7.225,0.553571429,0.156673,0.29985444,1
246,0,0.62962963,0.188908146,44,2,0,90,0.38961039,0.428571,0.593220339,3
247,0,0.242362525,0.742038217,25,0,0,7.775,0.339009288,0.697802,0.29985444,1
248,1,0.472826087,0.742038217,24,0,2,14.5,0.339009288,0.782,0.29985444,2
249,1,0.62962963,0.188908146,37,1,1,52.5542,0.339009288,0.156673,0.757575758,2
250,0,0.472826087,0.188908146,54,1,0,26,0.339009288,0,0.29985444,2
251,0,0.242362525,0.188908146,27,0,0,7.25,0.339009288,0.156673,0.29985444,1
252,0,0.242362525,0.742038217,29,1,1,10.4625,0.339009288,0.782,0.5,2
253,0,0.62962963,0.188908146,62,0,0,26.55,0.339009288,0.156673,0.593220339,1
254,0,0.242362525,0.188908146,30,1,0,16.1,0.339009288,0.156673,0.29985444,2
255,0,0.242362525,0.742038217,41,0,2,20.2125,0.339009288,0.782,0.29985444,3
256,1,0.242362525,0.742038217,29,0,2,15.2458,0.553571429,0.782,0.29985444,3
257,1,0.62962963,0.742038217,39,0,0,79.2,0.553571429,0.782,0.29985444,2
258,1,0.62962963,0.742038217,30,0,0,86.5,0.339009288,0.697802,0.744680851,3
259,1,0.62962963,0.742038217,35,0,0,512.3292,0.553571429,0.697802,0.29985444,4
260,1,0.472826087,0.742038217,50,0,1,26,0.339009288,0.782,0.29985444,2
261,0,0.242362525,0.188908146,27,0,0,7.75,0.38961039,0.156673,0.29985444,1
262,1,0.242362525,0.188908146,3,4,2,31.3875,0.339009288,0.575,0.29985444,7
263,0,0.62962963,0.188908146,52,1,1,79.65,0.339009288,0.156673,0.75,3
264,0,0.62962963,0.188908146,40,0,0,0,0.339009288,0.156673,0.744680851,1
265,0,0.242362525,0.742038217,27,0,0,7.75,0.38961039,0.697802,0.29985444,1
266,0,0.472826087,0.188908146,36,0,0,10.5,0.339009288,0.156673,0.29985444,1
267,0,0.242362525,0.188908146,16,4,1,39.6875,0.339009288,0.156673,0.29985444,7
268,1,0.242362525,0.188908146,25,1,0,7.775,0.339009288,0.156673,0.29985444,1
269,1,0.62962963,0.742038217,58,0,1,153.4625,0.339009288,0.782,0.593220339,3
270,1,0.62962963,0.742038217,35,0,0,135.6333,0.339009288,0.697802,0.593220339,4
271,0,0.62962963,0.188908146,39,0,0,31,0.339009288,0.156673,0.29985444,2
272,1,0.242362525,0.188908146,25,0,0,0,0.339009288,0.156673,0.29985444,4
273,1,0.472826087,0.742038217,41,0,1,19.5,0.339009288,0.782,0.29985444,2
274,0,0.62962963,0.188908146,37,0,1,29.7,0.553571429,0.156673,0.593220339,1
275,1,0.242362525,0.742038217,27,0,0,7.75,0.38961039,0.697802,0.29985444,1
276,1,0.62962963,0.742038217,63,1,0,77.9583,0.339009288,0.697802,0.757575758,3
277,0,0.242362525,0.742038217,45,0,0,7.75,0.339009288,0.697802,0.29985444,1
278,0,0.472826087,0.188908146,31,0,0,0,0.339009288,0.156673,0.29985444,3
279,0,0.242362525,0.188908146,7,4,1,29.125,0.38961039,0.575,0.29985444,6
280,1,0.242362525,0.742038217,35,1,1,20.25,0.339009288,0.782,0.29985444,3
281,0,0.242362525,0.188908146,65,0,0,7.75,0.38961039,0.156673,0.29985444,1
282,0,0.242362525,0.188908146,28,0,0,7.8542,0.339009288,0.156673,0.29985444,1
283,0,0.242362525,0.188908146,16,0,0,9.5,0.339009288,0.156673,0.29985444,1
284,1,0.242362525,0.188908146,19,0,0,8.05,0.339009288,0.156673,0.29985444,1
285,0,0.62962963,0.188908146,39,0,0,26,0.339009288,0.156673,0.466666667,1
286,0,0.242362525,0.188908146,33,0,0,8.6625,0.553571429,0.156673,0.29985444,1
287,1,0.242362525,0.188908146,30,0,0,9.5,0.339009288,0.156673,0.29985444,1
288,0,0.242362525,0.188908146,22,0,0,7.8958,0.339009288,0.156673,0.29985444,1
289,1,0.472826087,0.188908146,42,0,0,13,0.339009288,0.156673,0.29985444,1
290,1,0.242362525,0.742038217,22,0,0,7.75,0.38961039,0.697802,0.29985444,1
291,1,0.62962963,0.742038217,26,0,0,78.85,0.339009288,0.697802,0.29985444,3
292,1,0.62962963,0.742038217,19,1,0,91.0792,0.553571429,0.782,0.744680851,2
293,0,0.472826087,0.188908146,36,0,0,12.875,0.553571429,0.156673,0.757575758,1
294,0,0.242362525,0.742038217,24,0,0,8.85,0.339009288,0.697802,0.29985444,1
295,0,0.242362525,0.188908146,24,0,0,7.8958,0.339009288,0.156673,0.29985444,1
296,0,0.62962963,0.188908146,39,0,0,27.7208,0.553571429,0.156673,0.29985444,1
297,0,0.242362525,0.188908146,23.5,0,0,7.2292,0.553571429,0.156673,0.29985444,1
298,0,0.62962963,0.742038217,2,1,2,151.55,0.339009288,0.697802,0.593220339,6
299,1,0.62962963,0.188908146,39,0,0,30.5,0.339009288,0.156673,0.593220339,1
300,1,0.62962963,0.742038217,50,0,1,247.5208,0.553571429,0.782,0.744680851,3
301,1,0.242362525,0.742038217,27,0,0,7.75,0.38961039,0.697802,0.29985444,1
302,1,0.242362525,0.188908146,19,2,0,23.25,0.38961039,0.156673,0.29985444,3
303,0,0.242362525,0.188908146,19,0,0,0,0.339009288,0.156673,0.29985444,4
304,1,0.472826087,0.742038217,31,0,0,12.35,0.38961039,0.697802,0.75,1
305,0,0.242362525,0.188908146,27,0,0,8.05,0.339009288,0.156673,0.29985444,1
306,1,0.62962963,0.188908146,0.92,1,2,151.55,0.339009288,0.575,0.593220339,6
307,1,0.62962963,0.742038217,39,0,0,110.8833,0.553571429,0.697802,0.29985444,4
308,1,0.62962963,0.742038217,17,1,0,108.9,0.553571429,0.782,0.593220339,3
309,0,0.472826087,0.188908146,30,1,0,24,0.553571429,0.156673,0.29985444,2
310,1,0.62962963,0.742038217,30,0,0,56.9292,0.553571429,0.697802,0.75,2
311,1,0.62962963,0.742038217,24,0,0,83.1583,0.553571429,0.697802,0.593220339,3
312,1,0.62962963,0.742038217,18,2,2,262.375,0.553571429,0.697802,0.744680851,7
313,0,0.472826087,0.742038217,26,1,1,26,0.339009288,0.782,0.29985444,2
314,0,0.242362525,0.188908146,28,0,0,7.8958,0.339009288,0.156673,0.29985444,1
315,0,0.472826087,0.188908146,43,1,1,26.25,0.339009288,0.156673,0.29985444,3
316,1,0.242362525,0.742038217,26,0,0,7.8542,0.339009288,0.697802,0.29985444,1
317,1,0.472826087,0.742038217,24,1,0,26,0.339009288,0.782,0.29985444,2
318,0,0.472826087,0.188908146,54,0,0,14,0.339009288,0.428571,0.29985444,1
319,1,0.62962963,0.742038217,31,0,2,164.8667,0.339009288,0.697802,0.593220339,4
320,1,0.62962963,0.742038217,40,1,1,134.5,0.553571429,0.782,0.75,5
321,0,0.242362525,0.188908146,22,0,0,7.25,0.339009288,0.156673,0.29985444,1
322,0,0.242362525,0.188908146,27,0,0,7.8958,0.339009288,0.156673,0.29985444,1
323,1,0.472826087,0.742038217,30,0,0,12.35,0.38961039,0.697802,0.29985444,1
324,1,0.472826087,0.742038217,22,1,1,29,0.339009288,0.782,0.29985444,3
325,0,0.242362525,0.188908146,15,8,2,69.55,0.339009288,0.156673,0.29985444,11
326,1,0.62962963,0.742038217,36,0,0,135.6333,0.553571429,0.697802,0.593220339,4
327,0,0.242362525,0.188908146,61,0,0,6.2375,0.339009288,0.156673,0.29985444,1
328,1,0.472826087,0.742038217,36,0,0,13,0.339009288,0.782,0.757575758,1
329,1,0.242362525,0.742038217,31,1,1,20.525,0.339009288,0.782,0.29985444,3
330,1,0.62962963,0.742038217,16,0,1,57.9792,0.553571429,0.697802,0.744680851,2
331,1,0.242362525,0.742038217,19,2,0,23.25,0.38961039,0.697802,0.29985444,3
332,0,0.62962963,0.188908146,45.5,0,0,28.5,0.339009288,0.156673,0.593220339,1
333,0,0.62962963,0.188908146,38,0,1,153.4625,0.339009288,0.156673,0.593220339,3
334,0,0.242362525,0.188908146,16,2,0,18,0.339009288,0.156673,0.29985444,2
335,1,0.62962963,0.742038217,40,1,0,133.65,0.339009288,0.782,0.29985444,2
336,0,0.242362525,0.188908146,27,0,0,7.8958,0.339009288,0.156673,0.29985444,1
337,0,0.62962963,0.188908146,29,1,0,66.6,0.339009288,0.156673,0.593220339,2
338,1,0.62962963,0.742038217,41,0,0,134.5,0.553571429,0.697802,0.75,5
339,1,0.242362525,0.188908146,45,0,0,8.05,0.339009288,0.156673,0.29985444,1
340,0,0.62962963,0.188908146,45,0,0,35.5,0.339009288,0.156673,0,1
341,1,0.472826087,0.188908146,2,1,1,26,0.339009288,0.575,0.615384615,3
342,1,0.62962963,0.742038217,24,3,2,263,0.339009288,0.697802,0.593220339,6
343,0,0.472826087,0.188908146,28,0,0,13,0.339009288,0.156673,0.29985444,1
344,0,0.472826087,0.188908146,25,0,0,13,0.339009288,0.156673,0.29985444,1
345,0,0.472826087,0.188908146,36,0,0,13,0.339009288,0.156673,0.29985444,1
346,1,0.472826087,0.742038217,24,0,0,13,0.339009288,0.697802,0.615384615,1
347,1,0.472826087,0.742038217,40,0,0,13,0.339009288,0.697802,0.29985444,1
348,1,0.242362525,0.742038217,24,1,0,16.1,0.339009288,0.782,0.29985444,2
349,1,0.242362525,0.188908146,3,1,1,15.9,0.339009288,0.575,0.29985444,3
350,0,0.242362525,0.188908146,42,0,0,8.6625,0.339009288,0.156673,0.29985444,1
351,0,0.242362525,0.188908146,23,0,0,9.225,0.339009288,0.156673,0.29985444,1
352,0,0.62962963,0.188908146,39,0,0,35,0.339009288,0.156673,0.593220339,1
353,0,0.242362525,0.188908146,15,1,1,7.2292,0.553571429,0.156673,0.29985444,1
354,0,0.242362525,0.188908146,25,1,0,17.8,0.339009288,0.156673,0.29985444,2
355,0,0.242362525,0.188908146,27,0,0,7.225,0.553571429,0.156673,0.29985444,1
356,0,0.242362525,0.188908146,28,0,0,9.5,0.339009288,0.156673,0.29985444,1
357,1,0.62962963,0.742038217,22,0,1,55,0.339009288,0.697802,0.75,2
358,0,0.472826087,0.742038217,38,0,0,13,0.339009288,0.697802,0.29985444,1
359,1,0.242362525,0.742038217,27,0,0,7.8792,0.38961039,0.697802,0.29985444,1
360,1,0.242362525,0.742038217,27,0,0,7.8792,0.38961039,0.697802,0.29985444,1
361,0,0.242362525,0.188908146,40,1,4,27.9,0.339009288,0.156673,0.29985444,6
362,0,0.472826087,0.188908146,29,1,0,27.7208,0.553571429,0.156673,0.29985444,2
363,0,0.242362525,0.742038217,45,0,1,14.4542,0.553571429,0.782,0.29985444,2
364,0,0.242362525,0.188908146,35,0,0,7.05,0.339009288,0.156673,0.29985444,1
365,0,0.242362525,0.188908146,24,1,0,15.5,0.38961039,0.156673,0.29985444,2
366,0,0.242362525,0.188908146,30,0,0,7.25,0.339009288,0.156673,0.29985444,1
367,1,0.62962963,0.742038217,60,1,0,75.25,0.553571429,0.782,0.757575758,2
368,1,0.242362525,0.742038217,27,0,0,7.2292,0.553571429,0.782,0.29985444,1
369,1,0.242362525,0.742038217,27,0,0,7.75,0.38961039,0.697802,0.29985444,1
370,1,0.62962963,0.742038217,24,0,0,69.3,0.553571429,1,0.744680851,2
371,1,0.62962963,0.188908146,25,1,0,55.4417,0.553571429,0.156673,0.75,2
372,0,0.242362525,0.188908146,18,1,0,6.4958,0.339009288,0.156673,0.29985444,1
373,0,0.242362525,0.188908146,19,0,0,8.05,0.339009288,0.156673,0.29985444,1
374,0,0.62962963,0.188908146,22,0,0,135.6333,0.553571429,0.156673,0.29985444,4
375,0,0.242362525,0.742038217,3,3,1,21.075,0.339009288,0.697802,0.29985444,5
376,1,0.62962963,0.742038217,40,1,0,82.1708,0.553571429,0.782,0.29985444,2
377,1,0.242362525,0.742038217,22,0,0,7.25,0.339009288,0.697802,0.29985444,1
378,0,0.62962963,0.188908146,27,0,2,211.5,0.553571429,0.156673,0.593220339,5
379,0,0.242362525,0.188908146,20,0,0,4.0125,0.553571429,0.156673,0.29985444,1
380,0,0.242362525,0.188908146,19,0,0,7.775,0.339009288,0.156673,0.29985444,1
381,1,0.62962963,0.742038217,42,0,0,227.525,0.553571429,0.697802,0.29985444,5
382,1,0.242362525,0.742038217,1,0,2,15.7417,0.553571429,0.697802,0.29985444,3
383,0,0.242362525,0.188908146,32,0,0,7.925,0.339009288,0.156673,0.29985444,1
384,1,0.62962963,0.742038217,35,1,0,52,0.339009288,0.782,0.29985444,2
385,0,0.242362525,0.188908146,27,0,0,7.8958,0.339009288,0.156673,0.29985444,1
386,0,0.472826087,0.188908146,18,0,0,73.5,0.339009288,0.156673,0.29985444,7
387,0,0.242362525,0.188908146,1,5,2,46.9,0.339009288,0.575,0.29985444,8
388,1,0.472826087,0.742038217,36,0,0,13,0.339009288,0.697802,0.29985444,1
389,0,0.242362525,0.188908146,27,0,0,7.7292,0.38961039,0.156673,0.29985444,1
390,1,0.472826087,0.742038217,17,0,0,12,0.553571429,0.697802,0.29985444,1
391,1,0.62962963,0.188908146,36,1,2,120,0.339009288,0.156673,0.744680851,4
392,1,0.242362525,0.188908146,21,0,0,7.7958,0.339009288,0.156673,0.29985444,1
393,0,0.242362525,0.188908146,28,2,0,7.925,0.339009288,0.156673,0.29985444,1
394,1,0.62962963,0.742038217,23,1,0,113.275,0.553571429,0.697802,0.757575758,3
395,1,0.242362525,0.742038217,24,0,2,16.7,0.339009288,0.782,0.5,3
396,0,0.242362525,0.188908146,22,0,0,7.7958,0.339009288,0.156673,0.29985444,1
397,0,0.242362525,0.742038217,31,0,0,7.8542,0.339009288,0.697802,0.29985444,1
398,0,0.472826087,0.188908146,46,0,0,26,0.339009288,0.156673,0.29985444,2
399,0,0.472826087,0.188908146,23,0,0,10.5,0.339009288,0.428571,0.29985444,1
400,1,0.472826087,0.742038217,28,0,0,12.65,0.339009288,0.782,0.29985444,1
401,1,0.242362525,0.188908146,39,0,0,7.925,0.339009288,0.156673,0.29985444,1
402,0,0.242362525,0.188908146,26,0,0,8.05,0.339009288,0.156673,0.29985444,1
403,0,0.242362525,0.742038217,21,1,0,9.825,0.339009288,0.697802,0.29985444,1
404,0,0.242362525,0.188908146,28,1,0,15.85,0.339009288,0.156673,0.29985444,2
405,0,0.242362525,0.742038217,20,0,0,8.6625,0.339009288,0.697802,0.29985444,1
406,0,0.472826087,0.188908146,34,1,0,21,0.339009288,0.156673,0.29985444,2
407,0,0.242362525,0.188908146,51,0,0,7.75,0.339009288,0.156673,0.29985444,1
408,1,0.472826087,0.188908146,3,1,1,18.75,0.339009288,0.575,0.29985444,3
409,0,0.242362525,0.188908146,21,0,0,7.775,0.339009288,0.156673,0.29985444,1
410,0,0.242362525,0.742038217,12,3,1,25.4667,0.339009288,0.697802,0.29985444,5
411,0,0.242362525,0.188908146,27,0,0,7.8958,0.339009288,0.156673,0.29985444,1
412,0,0.242362525,0.188908146,27,0,0,6.8583,0.38961039,0.156673,0.29985444,1
413,1,0.62962963,0.742038217,33,1,0,90,0.38961039,0.697802,0.593220339,3
414,0,0.472826087,0.188908146,31,0,0,0,0.339009288,0.156673,0.29985444,3
415,1,0.242362525,0.188908146,44,0,0,7.925,0.339009288,0.156673,0.29985444,1
416,0,0.242362525,0.742038217,27,0,0,8.05,0.339009288,0.782,0.29985444,1
417,1,0.472826087,0.742038217,34,1,1,32.5,0.339009288,0.782,0.29985444,3
418,1,0.472826087,0.742038217,18,0,2,13,0.339009288,0.697802,0.29985444,1
419,0,0.472826087,0.188908146,30,0,0,13,0.339009288,0.156673,0.29985444,1
420,0,0.242362525,0.742038217,10,0,2,24.15,0.339009288,0.697802,0.29985444,3
421,0,0.242362525,0.188908146,27,0,0,7.8958,0.553571429,0.156673,0.29985444,1
422,0,0.242362525,0.188908146,21,0,0,7.7333,0.38961039,0.156673,0.29985444,1
423,0,0.242362525,0.188908146,29,0,0,7.875,0.339009288,0.156673,0.29985444,1
424,0,0.242362525,0.742038217,28,1,1,14.4,0.339009288,0.782,0.29985444,3
425,0,0.242362525,0.188908146,18,1,1,20.2125,0.339009288,0.156673,0.29985444,3
426,0,0.242362525,0.188908146,27,0,0,7.25,0.339009288,0.156673,0.29985444,1
427,1,0.472826087,0.742038217,28,1,0,26,0.339009288,0.782,0.29985444,2
428,1,0.472826087,0.742038217,19,0,0,26,0.339009288,0.697802,0.29985444,2
429,0,0.242362525,0.188908146,27,0,0,7.75,0.38961039,0.156673,0.29985444,1
430,1,0.242362525,0.188908146,32,0,0,8.05,0.339009288,0.156673,0.75,1
431,1,0.62962963,0.188908146,28,0,0,26.55,0.339009288,0.156673,0.593220339,1
432,1,0.242362525,0.742038217,24,1,0,16.1,0.339009288,0.782,0.29985444,2
433,1,0.472826087,0.742038217,42,1,0,26,0.339009288,0.782,0.29985444,2
434,0,0.242362525,0.188908146,17,0,0,7.125,0.339009288,0.156673,0.29985444,1
435,0,0.62962963,0.188908146,50,1,0,55.9,0.339009288,0.156673,0.75,2
436,1,0.62962963,0.742038217,14,1,2,120,0.339009288,0.697802,0.744680851,4
437,0,0.242362525,0.742038217,21,2,2,34.375,0.339009288,0.697802,0.29985444,5
438,1,0.472826087,0.742038217,24,2,3,18.75,0.339009288,0.782,0.29985444,3
439,0,0.62962963,0.188908146,64,1,4,263,0.339009288,0.156673,0.593220339,6
440,0,0.472826087,0.188908146,31,0,0,10.5,0.339009288,0.156673,0.29985444,1
441,1,0.472826087,0.742038217,45,1,1,26.25,0.339009288,0.782,0.29985444,3
442,0,0.242362525,0.188908146,20,0,0,9.5,0.339009288,0.156673,0.29985444,1
443,0,0.242362525,0.188908146,25,1,0,7.775,0.339009288,0.156673,0.29985444,1
444,1,0.472826087,0.742038217,28,0,0,13,0.339009288,1,0.29985444,1
445,1,0.242362525,0.188908146,27,0,0,8.1125,0.339009288,0.156673,0.29985444,1
446,1,0.62962963,0.188908146,4,0,2,81.8583,0.339009288,0.575,0.466666667,3
447,1,0.472826087,0.742038217,13,0,1,19.5,0.339009288,0.697802,0.29985444,2
448,1,0.62962963,0.188908146,34,0,0,26.55,0.339009288,0.156673,0.29985444,1
449,1,0.242362525,0.742038217,5,2,1,19.2583,0.553571429,0.697802,0.29985444,4
450,1,0.62962963,0.188908146,52,0,0,30.5,0.339009288,0.5,0.593220339,1
451,0,0.472826087,0.188908146,36,1,2,27.75,0.339009288,0.156673,0.29985444,4
452,0,0.242362525,0.188908146,24,1,0,19.9667,0.339009288,0.156673,0.29985444,1
453,0,0.62962963,0.188908146,30,0,0,27.75,0.553571429,0.156673,0.593220339,1
454,1,0.62962963,0.188908146,49,1,0,89.1042,0.553571429,0.156673,0.593220339,2
455,0,0.242362525,0.188908146,27,0,0,8.05,0.339009288,0.156673,0.29985444,1
456,1,0.242362525,0.188908146,29,0,0,7.8958,0.553571429,0.156673,0.29985444,1
457,0,0.62962963,0.188908146,65,0,0,26.55,0.339009288,0.156673,0.75,1
458,1,0.62962963,0.742038217,40,1,0,51.8625,0.339009288,0.782,0.757575758,2
459,1,0.472826087,0.742038217,50,0,0,10.5,0.339009288,0.697802,0.29985444,1
460,0,0.242362525,0.188908146,27,0,0,7.75,0.38961039,0.156673,0.29985444,1
461,1,0.62962963,0.188908146,48,0,0,26.55,0.339009288,0.156673,0.75,1
462,0,0.242362525,0.188908146,34,0,0,8.05,0.339009288,0.156673,0.29985444,1
463,0,0.62962963,0.188908146,47,0,0,38.5,0.339009288,0.156673,0.75,1
464,0,0.472826087,0.188908146,48,0,0,13,0.339009288,0.156673,0.29985444,1
465,0,0.242362525,0.188908146,27,0,0,8.05,0.339009288,0.156673,0.29985444,1
466,0,0.242362525,0.188908146,38,0,0,7.05,0.339009288,0.156673,0.29985444,1
467,0,0.472826087,0.188908146,31,0,0,0,0.339009288,0.156673,0.29985444,3
468,0,0.62962963,0.188908146,56,0,0,26.55,0.339009288,0.156673,0.29985444,1
469,0,0.242362525,0.188908146,27,0,0,7.725,0.38961039,0.156673,0.29985444,1
470,1,0.242362525,0.742038217,0.75,2,1,19.2583,0.553571429,0.697802,0.29985444,4
471,0,0.242362525,0.188908146,27,0,0,7.25,0.339009288,0.156673,0.29985444,1
472,0,0.242362525,0.188908146,38,0,0,8.6625,0.339009288,0.156673,0.29985444,1
473,1,0.472826087,0.742038217,33,1,2,27.75,0.339009288,0.782,0.29985444,4
474,1,0.472826087,0.742038217,23,0,0,13.7917,0.553571429,0.782,0.757575758,1
475,0,0.242362525,0.742038217,22,0,0,9.8375,0.339009288,0.697802,0.29985444,1
476,0,0.62962963,0.188908146,39,0,0,52,0.339009288,0.156673,0.466666667,2
477,0,0.472826087,0.188908146,34,1,0,21,0.339009288,0.156673,0.29985444,2
478,0,0.242362525,0.188908146,29,1,0,7.0458,0.339009288,0.156673,0.29985444,1
479,0,0.242362525,0.188908146,22,0,0,7.5208,0.339009288,0.156673,0.29985444,1
480,1,0.242362525,0.742038217,2,0,1,12.2875,0.339009288,0.697802,0.29985444,2
481,0,0.242362525,0.188908146,9,5,2,46.9,0.339009288,0.575,0.29985444,8
482,0,0.472826087,0.188908146,31,0,0,0,0.339009288,0.156673,0.29985444,1
483,0,0.242362525,0.188908146,50,0,0,8.05,0.339009288,0.156673,0.29985444,1
484,1,0.242362525,0.742038217,63,0,0,9.5875,0.339009288,0.782,0.29985444,1
485,1,0.62962963,0.188908146,25,1,0,91.0792,0.553571429,0.156673,0.744680851,2
486,0,0.242362525,0.742038217,12,3,1,25.4667,0.339009288,0.697802,0.29985444,5
487,1,0.62962963,0.742038217,35,1,0,90,0.339009288,0.782,0.593220339,2
488,0,0.62962963,0.188908146,58,0,0,29.7,0.553571429,0.156673,0.744680851,1
489,0,0.242362525,0.188908146,30,0,0,8.05,0.339009288,0.156673,0.29985444,1
490,1,0.242362525,0.188908146,9,1,1,15.9,0.339009288,0.575,0.29985444,3
491,0,0.242362525,0.188908146,24,1,0,19.9667,0.339009288,0.156673,0.29985444,1
492,0,0.242362525,0.188908146,21,0,0,7.25,0.339009288,0.156673,0.29985444,1
493,0,0.62962963,0.188908146,55,0,0,30.5,0.339009288,0.156673,0.593220339,1
494,0,0.62962963,0.188908146,71,0,0,49.5042,0.553571429,0.156673,0.29985444,1
495,0,0.242362525,0.188908146,21,0,0,8.05,0.339009288,0.156673,0.29985444,1
496,0,0.242362525,0.188908146,27,0,0,14.4583,0.553571429,0.156673,0.29985444,2
497,1,0.62962963,0.742038217,54,1,0,78.2667,0.553571429,0.697802,0.757575758,2
498,0,0.242362525,0.188908146,27,0,0,15.1,0.339009288,0.156673,0.29985444,2
499,0,0.62962963,0.742038217,25,1,2,151.55,0.339009288,0.782,0.593220339,6
500,0,0.242362525,0.188908146,24,0,0,7.7958,0.339009288,0.156673,0.29985444,1
501,0,0.242362525,0.188908146,17,0,0,8.6625,0.339009288,0.156673,0.29985444,1
502,0,0.242362525,0.742038217,21,0,0,7.75,0.38961039,0.697802,0.29985444,1
503,0,0.242362525,0.742038217,27,0,0,7.6292,0.38961039,0.697802,0.29985444,1
504,0,0.242362525,0.742038217,37,0,0,9.5875,0.339009288,0.697802,0.29985444,1
505,1,0.62962963,0.742038217,16,0,0,86.5,0.339009288,0.697802,0.744680851,3
506,0,0.62962963,0.188908146,18,1,0,108.9,0.553571429,0.156673,0.593220339,3
507,1,0.472826087,0.742038217,33,0,2,26,0.339009288,0.782,0.29985444,3
508,1,0.62962963,0.188908146,39,0,0,26.55,0.339009288,0.156673,0.29985444,1
509,0,0.242362525,0.188908146,28,0,0,22.525,0.339009288,0.156673,0.29985444,3
510,1,0.242362525,0.188908146,26,0,0,56.4958,0.339009288,0.156673,0.29985444,8
511,1,0.242362525,0.188908146,29,0,0,7.75,0.38961039,0.156673,0.29985444,1
512,0,0.242362525,0.188908146,27,0,0,8.05,0.339009288,0.156673,0.29985444,1
513,1,0.62962963,0.188908146,36,0,0,26.2875,0.339009288,0.156673,0.75,1
514,1,0.62962963,0.742038217,54,1,0,59.4,0.553571429,0.782,0.29985444,2
515,0,0.242362525,0.188908146,24,0,0,7.4958,0.339009288,0.156673,0.29985444,1
516,0,0.62962963,0.188908146,47,0,0,34.0208,0.339009288,0.156673,0.757575758,1
517,1,0.472826087,0.742038217,34,0,0,10.5,0.339009288,0.782,0.615384615,1
518,0,0.242362525,0.188908146,27,0,0,24.15,0.38961039,0.156673,0.29985444,3
519,1,0.472826087,0.742038217,36,1,0,26,0.339009288,0.782,0.29985444,2
520,0,0.242362525,0.188908146,32,0,0,7.8958,0.339009288,0.156673,0.29985444,1
521,1,0.62962963,0.742038217,30,0,0,93.5,0.339009288,0.697802,0.744680851,4
522,0,0.242362525,0.188908146,22,0,0,7.8958,0.339009288,0.156673,0.29985444,1
523,0,0.242362525,0.188908146,27,0,0,7.225,0.553571429,0.156673,0.29985444,1
524,1,0.62962963,0.742038217,44,0,1,57.9792,0.553571429,0.782,0.744680851,2
525,0,0.242362525,0.188908146,27,0,0,7.2292,0.553571429,0.156673,0.29985444,1
526,0,0.242362525,0.188908146,40.5,0,0,7.75,0.38961039,0.156673,0.29985444,1
527,1,0.472826087,0.742038217,50,0,0,10.5,0.339009288,0.697802,0.29985444,1
528,0,0.62962963,0.188908146,39,0,0,221.7792,0.339009288,0.156673,0.593220339,4
529,0,0.242362525,0.188908146,39,0,0,7.925,0.339009288,0.156673,0.29985444,1
530,0,0.472826087,0.188908146,23,2,1,11.5,0.339009288,0.156673,0.29985444,1
531,1,0.472826087,0.742038217,2,1,1,26,0.339009288,0.697802,0.29985444,3
532,0,0.242362525,0.188908146,27,0,0,7.2292,0.553571429,0.156673,0.29985444,1
533,0,0.242362525,0.188908146,17,1,1,7.2292,0.553571429,0.156673,0.29985444,1
534,1,0.242362525,0.742038217,27,0,2,22.3583,0.553571429,0.782,0.29985444,3
535,0,0.242362525,0.742038217,30,0,0,8.6625,0.339009288,0.697802,0.29985444,1
536,1,0.472826087,0.742038217,7,0,2,26.25,0.339009288,0.697802,0.29985444,3
537,0,0.62962963,0.188908146,45,0,0,26.55,0.339009288,0.5,0.744680851,1
538,1,0.62962963,0.742038217,30,0,0,106.425,0.553571429,0.697802,0.29985444,3
539,0,0.242362525,0.188908146,27,0,0,14.5,0.339009288,0.156673,0.29985444,2
540,1,0.62962963,0.742038217,22,0,2,49.5,0.553571429,0.697802,0.744680851,1
541,1,0.62962963,0.742038217,36,0,2,71,0.339009288,0.697802,0.744680851,2
542,0,0.242362525,0.742038217,9,4,2,31.275,0.339009288,0.697802,0.29985444,7
543,0,0.242362525,0.742038217,11,4,2,31.275,0.339009288,0.697802,0.29985444,7
544,1,0.472826087,0.188908146,32,1,0,26,0.339009288,0.156673,0.29985444,2
545,0,0.62962963,0.188908146,50,1,0,106.425,0.553571429,0.156673,0.593220339,3
546,0,0.62962963,0.188908146,64,0,0,26,0.339009288,0.156673,0.29985444,1
547,1,0.472826087,0.742038217,19,1,0,26,0.339009288,0.782,0.29985444,2
548,1,0.472826087,0.188908146,31,0,0,13.8625,0.553571429,0.156673,0.29985444,1
549,0,0.242362525,0.188908146,33,1,1,20.525,0.339009288,0.156673,0.29985444,3
550,1,0.472826087,0.188908146,8,1,1,36.75,0.339009288,0.575,0.29985444,4
551,1,0.62962963,0.188908146,17,0,2,110.8833,0.553571429,0.156673,0.593220339,4
552,0,0.472826087,0.188908146,27,0,0,26,0.339009288,0.156673,0.29985444,2
553,0,0.242362525,0.188908146,27,0,0,7.8292,0.38961039,0.156673,0.29985444,1
554,1,0.242362525,0.188908146,22,0,0,7.225,0.553571429,0.156673,0.29985444,1
555,1,0.242362525,0.742038217,22,0,0,7.775,0.339009288,0.697802,0.29985444,1
556,0,0.62962963,0.188908146,62,0,0,26.55,0.339009288,0.156673,0.29985444,1
557,1,0.62962963,0.742038217,48,1,0,39.6,0.553571429,1,0.466666667,1
558,0,0.62962963,0.188908146,39,0,0,227.525,0.553571429,0.156673,0.29985444,5
559,1,0.62962963,0.742038217,39,1,1,79.65,0.339009288,0.782,0.75,3
560,1,0.242362525,0.742038217,36,1,0,17.4,0.339009288,0.782,0.29985444,2
561,0,0.242362525,0.188908146,27,0,0,7.75,0.38961039,0.156673,0.29985444,1
562,0,0.242362525,0.188908146,40,0,0,7.8958,0.339009288,0.156673,0.29985444,1
563,0,0.472826087,0.188908146,28,0,0,13.5,0.339009288,0.156673,0.29985444,1
564,0,0.242362525,0.188908146,27,0,0,8.05,0.339009288,0.156673,0.29985444,1
565,0,0.242362525,0.742038217,27,0,0,8.05,0.339009288,0.697802,0.29985444,1
566,0,0.242362525,0.188908146,24,2,0,24.15,0.339009288,0.156673,0.29985444,3
567,0,0.242362525,0.188908146,19,0,0,7.8958,0.339009288,0.156673,0.29985444,1
568,0,0.242362525,0.742038217,29,0,4,21.075,0.339009288,0.782,0.29985444,5
569,0,0.242362525,0.188908146,27,0,0,7.2292,0.553571429,0.156673,0.29985444,1
570,1,0.242362525,0.188908146,32,0,0,7.8542,0.339009288,0.156673,0.29985444,1
571,1,0.472826087,0.188908146,62,0,0,10.5,0.339009288,0.156673,0.29985444,1
572,1,0.62962963,0.742038217,53,2,0,51.4792,0.339009288,0.782,0.593220339,2
573,1,0.62962963,0.188908146,36,0,0,26.3875,0.339009288,0.156673,0.75,1
574,1,0.242362525,0.742038217,27,0,0,7.75,0.38961039,0.697802,0.29985444,1
575,0,0.242362525,0.188908146,16,0,0,8.05,0.339009288,0.156673,0.29985444,1
576,0,0.242362525,0.188908146,19,0,0,14.5,0.339009288,0.156673,0.29985444,2
577,1,0.472826087,0.742038217,34,0,0,13,0.339009288,0.697802,0.29985444,1
578,1,0.62962963,0.742038217,39,1,0,55.9,0.339009288,0.782,0.75,2
579,0,0.242362525,0.742038217,24,1,0,14.4583,0.553571429,0.782,0.29985444,2
580,1,0.242362525,0.188908146,32,0,0,7.925,0.339009288,0.156673,0.29985444,1
581,1,0.472826087,0.742038217,25,1,1,30,0.339009288,0.697802,0.29985444,2
582,1,0.62962963,0.742038217,39,1,1,110.8833,0.553571429,0.782,0.593220339,4
583,0,0.472826087,0.188908146,54,0,0,26,0.339009288,0.156673,0.29985444,2
584,0,0.62962963,0.188908146,36,0,0,40.125,0.553571429,0.156673,0.466666667,1
585,0,0.242362525,0.188908146,27,0,0,8.7125,0.553571429,0.156673,0.29985444,1
586,1,0.62962963,0.742038217,18,0,2,79.65,0.339009288,0.697802,0.75,3
587,0,0.472826087,0.188908146,47,0,0,15,0.339009288,0.156673,0.29985444,1
588,1,0.62962963,0.188908146,60,1,1,79.2,0.553571429,0.156673,0.744680851,2
589,0,0.242362525,0.188908146,22,0,0,8.05,0.339009288,0.156673,0.29985444,1
590,0,0.242362525,0.188908146,27,0,0,8.05,0.339009288,0.156673,0.29985444,1
591,0,0.242362525,0.188908146,35,0,0,7.125,0.339009288,0.156673,0.29985444,1
592,1,0.62962963,0.742038217,52,1,0,78.2667,0.553571429,0.782,0.757575758,2
593,0,0.242362525,0.188908146,47,0,0,7.25,0.339009288,0.156673,0.29985444,1
594,0,0.242362525,0.742038217,27,0,2,7.75,0.38961039,0.697802,0.29985444,1
595,0,0.472826087,0.188908146,37,1,0,26,0.339009288,0.156673,0.29985444,2
596,0,0.242362525,0.188908146,36,1,1,24.15,0.339009288,0.156673,0.29985444,3
597,1,0.472826087,0.742038217,31,0,0,33,0.339009288,0.697802,0.29985444,3
598,0,0.242362525,0.188908146,49,0,0,0,0.339009288,0.156673,0.29985444,4
599,0,0.242362525,0.188908146,27,0,0,7.225,0.553571429,0.156673,0.29985444,1
600,1,0.62962963,0.188908146,49,1,0,56.9292,0.553571429,1,0.466666667,2
601,1,0.472826087,0.742038217,24,2,1,27,0.339009288,0.782,0.29985444,2
602,0,0.242362525,0.188908146,27,0,0,7.8958,0.339009288,0.156673,0.29985444,1
603,0,0.62962963,0.188908146,39,0,0,42.4,0.339009288,0.156673,0.29985444,2
604,0,0.242362525,0.188908146,44,0,0,8.05,0.339009288,0.156673,0.29985444,1
605,1,0.62962963,0.188908146,35,0,0,26.55,0.553571429,0.156673,0.29985444,1
606,0,0.242362525,0.188908146,36,1,0,15.55,0.339009288,0.156673,0.29985444,2
607,0,0.242362525,0.188908146,30,0,0,7.8958,0.339009288,0.156673,0.29985444,1
608,1,0.62962963,0.188908146,27,0,0,30.5,0.339009288,0.156673,0.29985444,1
609,1,0.472826087,0.742038217,22,1,2,41.5792,0.553571429,0.782,0.29985444,4
610,1,0.62962963,0.742038217,40,0,0,153.4625,0.339009288,0.697802,0.593220339,3
611,0,0.242362525,0.742038217,39,1,5,31.275,0.339009288,0.782,0.29985444,7
612,0,0.242362525,0.188908146,27,0,0,7.05,0.339009288,0.156673,0.29985444,1
613,1,0.242362525,0.742038217,24,1,0,15.5,0.38961039,0.697802,0.29985444,2
614,0,0.242362525,0.188908146,27,0,0,7.75,0.38961039,0.156673,0.29985444,1
615,0,0.242362525,0.188908146,35,0,0,8.05,0.339009288,0.156673,0.29985444,1
616,1,0.472826087,0.742038217,24,1,2,65,0.339009288,0.697802,0.29985444,5
617,0,0.242362525,0.188908146,34,1,1,14.4,0.339009288,0.156673,0.29985444,3
618,0,0.242362525,0.742038217,26,1,0,16.1,0.339009288,0.782,0.29985444,2
619,1,0.472826087,0.742038217,4,2,1,39,0.339009288,0.697802,0.615384615,4
620,0,0.472826087,0.188908146,26,0,0,10.5,0.339009288,0.156673,0.29985444,1
621,0,0.242362525,0.188908146,27,1,0,14.4542,0.553571429,0.156673,0.29985444,2
622,1,0.62962963,0.188908146,42,1,0,52.5542,0.339009288,0.156673,0.757575758,2
623,1,0.242362525,0.188908146,20,1,1,15.7417,0.553571429,0.156673,0.29985444,3
624,0,0.242362525,0.188908146,21,0,0,7.8542,0.339009288,0.156673,0.29985444,1
625,0,0.242362525,0.188908146,21,0,0,16.1,0.339009288,0.156673,0.29985444,2
626,0,0.62962963,0.188908146,61,0,0,32.3208,0.339009288,0.156673,0.757575758,1
627,0,0.472826087,0.188908146,57,0,0,12.35,0.38961039,0,0.29985444,1
628,1,0.62962963,0.742038217,21,0,0,77.9583,0.339009288,0.697802,0.757575758,3
629,0,0.242362525,0.188908146,26,0,0,7.8958,0.339009288,0.156673,0.29985444,1
630,0,0.242362525,0.188908146,27,0,0,7.7333,0.38961039,0.156673,0.29985444,1
631,1,0.62962963,0.188908146,80,0,0,30,0.339009288,0.156673,0.466666667,1
632,0,0.242362525,0.188908146,51,0,0,7.0542,0.339009288,0.156673,0.29985444,1
633,1,0.62962963,0.188908146,32,0,0,30.5,0.553571429,0.428571,0.744680851,1
634,0,0.62962963,0.188908146,39,0,0,0,0.339009288,0.156673,0.29985444,1
635,0,0.242362525,0.742038217,9,3,2,27.9,0.339009288,0.697802,0.29985444,6
636,1,0.472826087,0.742038217,28,0,0,13,0.339009288,0.697802,0.29985444,1
637,0,0.242362525,0.188908146,32,0,0,7.925,0.339009288,0.156673,0.29985444,1
638,0,0.472826087,0.188908146,31,1,1,26.25,0.339009288,0.156673,0.29985444,3
639,0,0.242362525,0.742038217,41,0,5,39.6875,0.339009288,0.782,0.29985444,7
640,0,0.242362525,0.188908146,24,1,0,16.1,0.339009288,0.156673,0.29985444,2
641,0,0.242362525,0.188908146,20,0,0,7.8542,0.339009288,0.156673,0.29985444,1
642,1,0.62962963,0.742038217,24,0,0,69.3,0.553571429,1,0.744680851,2
643,0,0.242362525,0.742038217,2,3,2,27.9,0.339009288,0.697802,0.29985444,6
644,1,0.242362525,0.188908146,27,0,0,56.4958,0.339009288,0.156673,0.29985444,8
645,1,0.242362525,0.742038217,0.75,2,1,19.2583,0.553571429,0.697802,0.29985444,4
646,1,0.62962963,0.188908146,48,1,0,76.7292,0.553571429,0.156673,0.757575758,3
647,0,0.242362525,0.188908146,19,0,0,7.8958,0.339009288,0.156673,0.29985444,1
648,1,0.62962963,0.188908146,56,0,0,35.5,0.553571429,0.5,0.466666667,1
649,0,0.242362525,0.188908146,27,0,0,7.55,0.339009288,0.156673,0.29985444,1
650,1,0.242362525,0.742038217,23,0,0,7.55,0.339009288,0.697802,0.29985444,1
651,0,0.242362525,0.188908146,27,0,0,7.8958,0.339009288,0.156673,0.29985444,1
652,1,0.472826087,0.742038217,18,0,1,23,0.339009288,0.697802,0.29985444,2
653,0,0.242362525,0.188908146,21,0,0,8.4333,0.339009288,0.156673,0.29985444,1
654,1,0.242362525,0.742038217,27,0,0,7.8292,0.38961039,0.697802,0.29985444,1
655,0,0.242362525,0.742038217,18,0,0,6.75,0.38961039,0.697802,0.29985444,1
656,0,0.472826087,0.188908146,24,2,0,73.5,0.339009288,0.156673,0.29985444,7
657,0,0.242362525,0.188908146,27,0,0,7.8958,0.339009288,0.156673,0.29985444,1
658,0,0.242362525,0.742038217,32,1,1,15.5,0.38961039,0.782,0.29985444,2
659,0,0.472826087,0.188908146,23,0,0,13,0.339009288,0.156673,0.29985444,1
660,0,0.62962963,0.188908146,58,0,2,113.275,0.553571429,0.156673,0.757575758,3
661,1,0.62962963,0.188908146,50,2,0,133.65,0.339009288,0.428571,0.29985444,2
662,0,0.242362525,0.188908146,40,0,0,7.225,0.553571429,0.156673,0.29985444,1
663,0,0.62962963,0.188908146,47,0,0,25.5875,0.339009288,0.156673,0.75,1
664,0,0.242362525,0.188908146,36,0,0,7.4958,0.339009288,0.156673,0.29985444,1
665,1,0.242362525,0.188908146,20,1,0,7.925,0.339009288,0.156673,0.29985444,1
666,0,0.472826087,0.188908146,32,2,0,73.5,0.339009288,0.156673,0.29985444,7
667,0,0.472826087,0.188908146,25,0,0,13,0.339009288,0.156673,0.29985444,1
668,0,0.242362525,0.188908146,27,0,0,7.775,0.339009288,0.156673,0.29985444,1
669,0,0.242362525,0.188908146,43,0,0,8.05,0.339009288,0.156673,0.29985444,1
670,1,0.62962963,0.742038217,40,1,0,52,0.339009288,0.782,0.593220339,2
671,1,0.472826087,0.742038217,40,1,1,39,0.339009288,0.782,0.29985444,3
672,0,0.62962963,0.188908146,31,1,0,52,0.339009288,0.156673,0.744680851,2
673,0,0.472826087,0.188908146,70,0,0,10.5,0.339009288,0.156673,0.29985444,1
674,1,0.472826087,0.188908146,31,0,0,13,0.339009288,0.156673,0.29985444,1
675,0,0.472826087,0.188908146,31,0,0,0,0.339009288,0.156673,0.29985444,1
676,0,0.242362525,0.188908146,18,0,0,7.775,0.339009288,0.156673,0.29985444,1
677,0,0.242362525,0.188908146,24.5,0,0,8.05,0.339009288,0.156673,0.29985444,1
678,1,0.242362525,0.742038217,18,0,0,9.8417,0.339009288,0.697802,0.29985444,1
679,0,0.242362525,0.742038217,43,1,6,46.9,0.339009288,0.782,0.29985444,8
680,1,0.62962963,0.188908146,36,0,1,512.3292,0.553571429,0.156673,0.744680851,4
681,0,0.242362525,0.742038217,27,0,0,8.1375,0.38961039,0.697802,0.29985444,1
682,1,0.62962963,0.188908146,27,0,0,76.7292,0.553571429,0.156673,0.757575758,3
683,0,0.242362525,0.188908146,20,0,0,9.225,0.339009288,0.156673,0.29985444,1
684,0,0.242362525,0.188908146,14,5,2,46.9,0.339009288,0.156673,0.29985444,8
685,0,0.472826087,0.188908146,60,1,1,39,0.339009288,0.156673,0.29985444,3
686,0,0.472826087,0.188908146,25,1,2,41.5792,0.553571429,0.156673,0.29985444,4
687,0,0.242362525,0.188908146,14,4,1,39.6875,0.339009288,0.156673,0.29985444,7
688,0,0.242362525,0.188908146,19,0,0,10.1708,0.339009288,0.156673,0.29985444,1
689,0,0.242362525,0.188908146,18,0,0,7.7958,0.339009288,0.156673,0.29985444,1
690,1,0.62962963,0.742038217,15,0,1,211.3375,0.339009288,0.697802,0.744680851,4
691,1,0.62962963,0.188908146,31,1,0,57,0.339009288,0.156673,0.744680851,2
692,1,0.242362525,0.742038217,4,0,1,13.4167,0.553571429,0.697802,0.29985444,2
693,1,0.242362525,0.188908146,27,0,0,56.4958,0.339009288,0.156673,0.29985444,8
694,0,0.242362525,0.188908146,25,0,0,7.225,0.553571429,0.156673,0.29985444,1
695,0,0.62962963,0.188908146,60,0,0,26.55,0.339009288,0.5,0.29985444,1
696,0,0.472826087,0.188908146,52,0,0,13.5,0.339009288,0.156673,0.29985444,1
697,0,0.242362525,0.188908146,44,0,0,8.05,0.339009288,0.156673,0.29985444,1
698,1,0.242362525,0.742038217,27,0,0,7.7333,0.38961039,0.697802,0.29985444,1
699,0,0.62962963,0.188908146,49,1,1,110.8833,0.553571429,0.156673,0.593220339,4
700,0,0.242362525,0.188908146,42,0,0,7.65,0.339009288,0.156673,0.615384615,1
701,1,0.62962963,0.742038217,18,1,0,227.525,0.553571429,0.782,0.593220339,5
702,1,0.62962963,0.188908146,35,0,0,26.2875,0.339009288,0.156673,0.75,1
703,0,0.242362525,0.742038217,18,0,1,14.4542,0.553571429,0.697802,0.29985444,2
704,0,0.242362525,0.188908146,25,0,0,7.7417,0.38961039,0.156673,0.29985444,1
705,0,0.242362525,0.188908146,26,1,0,7.8542,0.339009288,0.156673,0.29985444,1
706,0,0.472826087,0.188908146,39,0,0,26,0.339009288,0.156673,0.29985444,2
707,1,0.472826087,0.742038217,45,0,0,13.5,0.339009288,0.782,0.29985444,1
708,1,0.62962963,0.188908146,42,0,0,26.2875,0.339009288,0.156673,0.75,1
709,1,0.62962963,0.742038217,22,0,0,151.55,0.339009288,0.697802,0.29985444,6
710,1,0.242362525,0.188908146,24,1,1,15.2458,0.553571429,0.575,0.29985444,3
711,1,0.62962963,0.742038217,24,0,0,49.5042,0.553571429,1,0.593220339,1
712,0,0.62962963,0.188908146,39,0,0,26.55,0.339009288,0.156673,0.593220339,1
713,1,0.62962963,0.188908146,48,1,0,52,0.339009288,0.156673,0.593220339,2
714,0,0.242362525,0.188908146,29,0,0,9.4833,0.339009288,0.156673,0.29985444,1
715,0,0.472826087,0.188908146,52,0,0,13,0.339009288,0.156673,0.29985444,2
716,0,0.242362525,0.188908146,19,0,0,7.65,0.339009288,0.156673,0.615384615,1
717,1,0.62962963,0.742038217,38,0,0,227.525,0.553571429,0.697802,0.593220339,5
718,1,0.472826087,0.742038217,27,0,0,10.5,0.339009288,0.697802,0.75,1
719,0,0.242362525,0.188908146,27,0,0,15.5,0.38961039,0.156673,0.29985444,2
720,0,0.242362525,0.188908146,33,0,0,7.775,0.339009288,0.156673,0.29985444,1
721,1,0.472826087,0.742038217,6,0,1,33,0.339009288,0.697802,0.29985444,3
722,0,0.242362525,0.188908146,17,1,0,7.0542,0.339009288,0.156673,0.29985444,1
723,0,0.472826087,0.188908146,34,0,0,13,0.339009288,0.156673,0.29985444,1
724,0,0.472826087,0.188908146,50,0,0,13,0.339009288,0.156673,0.29985444,1
725,1,0.62962963,0.188908146,27,1,0,53.1,0.339009288,0.156673,0.75,2
726,0,0.242362525,0.188908146,20,0,0,8.6625,0.339009288,0.156673,0.29985444,1
727,1,0.472826087,0.742038217,30,3,0,21,0.339009288,0.782,0.29985444,2
728,1,0.242362525,0.742038217,27,0,0,7.7375,0.38961039,0.697802,0.29985444,1
729,0,0.472826087,0.188908146,25,1,0,26,0.339009288,0.156673,0.29985444,2
730,0,0.242362525,0.742038217,25,1,0,7.925,0.339009288,0.697802,0.29985444,1
731,1,0.62962963,0.742038217,29,0,0,211.3375,0.339009288,0.697802,0.744680851,4
732,0,0.242362525,0.188908146,11,0,0,18.7875,0.553571429,0.156673,0.29985444,2
733,0,0.472826087,0.188908146,31,0,0,0,0.339009288,0.156673,0.29985444,1
734,0,0.472826087,0.188908146,23,0,0,13,0.339009288,0.156673,0.29985444,1
735,0,0.472826087,0.188908146,23,0,0,13,0.339009288,0.156673,0.29985444,1
736,0,0.242362525,0.188908146,28.5,0,0,16.1,0.339009288,0.156673,0.29985444,2
737,0,0.242362525,0.742038217,48,1,3,34.375,0.339009288,0.782,0.29985444,5
738,1,0.62962963,0.188908146,35,0,0,512.3292,0.553571429,0.156673,0.744680851,4
739,0,0.242362525,0.188908146,27,0,0,7.8958,0.339009288,0.156673,0.29985444,1
740,0,0.242362525,0.188908146,27,0,0,7.8958,0.339009288,0.156673,0.29985444,1
741,1,0.62962963,0.188908146,39,0,0,30,0.339009288,0.156673,0.757575758,1
742,0,0.62962963,0.188908146,36,1,0,78.85,0.339009288,0.156673,0.593220339,3
743,1,0.62962963,0.742038217,21,2,2,262.375,0.553571429,0.697802,0.744680851,7
744,0,0.242362525,0.188908146,24,1,0,16.1,0.339009288,0.156673,0.29985444,2
745,1,0.242362525,0.188908146,31,0,0,7.925,0.339009288,0.156673,0.29985444,1
746,0,0.62962963,0.188908146,70,1,1,71,0.339009288,0,0.744680851,2
747,0,0.242362525,0.188908146,16,1,1,20.25,0.339009288,0.156673,0.29985444,3
748,1,0.472826087,0.742038217,30,0,0,13,0.339009288,0.697802,0.29985444,1
749,0,0.62962963,0.188908146,19,1,0,53.1,0.339009288,0.156673,0.757575758,2
750,0,0.242362525,0.188908146,31,0,0,7.75,0.38961039,0.156673,0.29985444,1
751,1,0.472826087,0.742038217,4,1,1,23,0.339009288,0.697802,0.29985444,3
752,1,0.242362525,0.188908146,6,0,1,12.475,0.339009288,0.575,0.75,2
753,0,0.242362525,0.188908146,33,0,0,9.5,0.339009288,0.156673,0.29985444,1
754,0,0.242362525,0.188908146,23,0,0,7.8958,0.339009288,0.156673,0.29985444,1
755,1,0.472826087,0.742038217,48,1,2,65,0.339009288,0.782,0.29985444,5
756,1,0.472826087,0.188908146,0.67,1,1,14.5,0.339009288,0.575,0.29985444,2
757,0,0.242362525,0.188908146,28,0,0,7.7958,0.339009288,0.156673,0.29985444,1
758,0,0.472826087,0.188908146,18,0,0,11.5,0.339009288,0.156673,0.29985444,1
759,0,0.242362525,0.188908146,34,0,0,8.05,0.339009288,0.156673,0.29985444,1
760,1,0.62962963,0.742038217,33,0,0,86.5,0.339009288,1,0.744680851,3
761,0,0.242362525,0.188908146,27,0,0,14.5,0.339009288,0.156673,0.29985444,2
762,0,0.242362525,0.188908146,41,0,0,7.125,0.339009288,0.156673,0.29985444,1
763,1,0.242362525,0.188908146,20,0,0,7.2292,0.553571429,0.156673,0.29985444,1
764,1,0.62962963,0.742038217,36,1,2,120,0.339009288,0.782,0.744680851,4
765,0,0.242362525,0.188908146,16,0,0,7.775,0.339009288,0.156673,0.29985444,1
766,1,0.62962963,0.742038217,51,1,0,77.9583,0.339009288,0.782,0.757575758,3
767,0,0.62962963,0.188908146,39,0,0,39.6,0.553571429,0.428571,0.29985444,1
768,0,0.242362525,0.742038217,30.5,0,0,7.75,0.38961039,0.697802,0.29985444,1
769,0,0.242362525,0.188908146,24,1,0,24.15,0.38961039,0.156673,0.29985444,3
770,0,0.242362525,0.188908146,32,0,0,8.3625,0.339009288,0.156673,0.29985444,1
771,0,0.242362525,0.188908146,24,0,0,9.5,0.339009288,0.156673,0.29985444,1
772,0,0.242362525,0.188908146,48,0,0,7.8542,0.339009288,0.156673,0.29985444,1
773,0,0.472826087,0.742038217,57,0,0,10.5,0.339009288,0.782,0.75,2
774,0,0.242362525,0.188908146,27,0,0,7.225,0.553571429,0.156673,0.29985444,1
775,1,0.472826087,0.742038217,54,1,3,23,0.339009288,0.782,0.29985444,2
776,0,0.242362525,0.188908146,18,0,0,7.75,0.339009288,0.156673,0.29985444,1
777,0,0.242362525,0.188908146,27,0,0,7.75,0.38961039,0.156673,0.615384615,1
778,1,0.242362525,0.742038217,5,0,0,12.475,0.339009288,0.697802,0.29985444,2
779,0,0.242362525,0.188908146,27,0,0,7.7375,0.38961039,0.156673,0.29985444,1
780,1,0.62962963,0.742038217,43,0,1,211.3375,0.339009288,0.782,0.744680851,4
781,1,0.242362525,0.742038217,13,0,0,7.2292,0.553571429,0.697802,0.29985444,1
782,1,0.62962963,0.742038217,17,1,0,57,0.339009288,0.782,0.744680851,2
783,0,0.62962963,0.188908146,29,0,0,30,0.339009288,0.156673,0.757575758,1
784,0,0.242362525,0.188908146,24,1,2,23.45,0.339009288,0.156673,0.29985444,4
785,0,0.242362525,0.188908146,25,0,0,7.05,0.339009288,0.156673,0.29985444,1
786,0,0.242362525,0.188908146,25,0,0,7.25,0.339009288,0.156673,0.29985444,1
787,1,0.242362525,0.742038217,18,0,0,7.4958,0.339009288,0.697802,0.29985444,1
788,0,0.242362525,0.188908146,8,4,1,29.125,0.38961039,0.575,0.29985444,6
789,1,0.242362525,0.188908146,1,1,2,20.575,0.339009288,0.575,0.29985444,4
790,0,0.62962963,0.188908146,46,0,0,79.2,0.553571429,0.156673,0.744680851,2
791,0,0.242362525,0.188908146,27,0,0,7.75,0.38961039,0.156673,0.29985444,1
792,0,0.472826087,0.188908146,16,0,0,26,0.339009288,0.156673,0.29985444,2
793,0,0.242362525,0.742038217,15,8,2,69.55,0.339009288,0.697802,0.29985444,11
794,0,0.62962963,0.188908146,39,0,0,30.6958,0.553571429,0.156673,0.29985444,1
795,0,0.242362525,0.188908146,25,0,0,7.8958,0.339009288,0.156673,0.29985444,1
796,0,0.472826087,0.188908146,39,0,0,13,0.339009288,0.156673,0.29985444,1
797,1,0.62962963,0.742038217,49,0,0,25.9292,0.339009288,0.428571,0.757575758,1
798,1,0.242362525,0.742038217,31,0,0,8.6833,0.339009288,0.782,0.29985444,1
799,0,0.242362525,0.188908146,30,0,0,7.2292,0.553571429,0.156673,0.29985444,1
800,0,0.242362525,0.742038217,30,1,1,24.15,0.339009288,0.782,0.29985444,3
801,0,0.472826087,0.188908146,34,0,0,13,0.339009288,0.156673,0.29985444,2
802,1,0.472826087,0.742038217,31,1,1,26.25,0.339009288,0.782,0.29985444,3
803,1,0.62962963,0.188908146,11,1,2,120,0.339009288,0.575,0.744680851,4
804,1,0.242362525,0.188908146,0.42,0,1,8.5167,0.553571429,0.575,0.29985444,2
805,1,0.242362525,0.188908146,27,0,0,6.975,0.339009288,0.156673,0.29985444,1
806,0,0.242362525,0.188908146,31,0,0,7.775,0.339009288,0.156673,0.29985444,1
807,0,0.62962963,0.188908146,39,0,0,0,0.339009288,0.156673,0.466666667,1
808,0,0.242362525,0.742038217,18,0,0,7.775,0.339009288,0.697802,0.29985444,1
809,0,0.472826087,0.188908146,39,0,0,13,0.339009288,0.156673,0.29985444,1
810,1,0.62962963,0.742038217,33,1,0,53.1,0.339009288,0.782,0.75,2
811,0,0.242362525,0.188908146,26,0,0,7.8875,0.339009288,0.156673,0.29985444,1
812,0,0.242362525,0.188908146,39,0,0,24.15,0.339009288,0.156673,0.29985444,3
813,0,0.472826087,0.188908146,35,0,0,10.5,0.339009288,0.156673,0.29985444,1
814,0,0.242362525,0.742038217,6,4,2,31.275,0.339009288,0.697802,0.29985444,7
815,0,0.242362525,0.188908146,30.5,0,0,8.05,0.339009288,0.156673,0.29985444,1
816,0,0.62962963,0.188908146,39,0,0,0,0.339009288,0.156673,0.744680851,2
817,0,0.242362525,0.742038217,23,0,0,7.925,0.339009288,0.697802,0.29985444,1
818,0,0.472826087,0.188908146,31,1,1,37.0042,0.553571429,0.156673,0.29985444,3
819,0,0.242362525,0.188908146,43,0,0,6.45,0.339009288,0.156673,0.29985444,1
820,0,0.242362525,0.188908146,10,3,2,27.9,0.339009288,0.575,0.29985444,6
821,1,0.62962963,0.742038217,52,1,1,93.5,0.339009288,0.782,0.744680851,4
822,1,0.242362525,0.188908146,27,0,0,8.6625,0.339009288,0.156673,0.29985444,1
823,0,0.62962963,0.188908146,38,0,0,0,0.339009288,0,0.29985444,1
824,1,0.242362525,0.742038217,27,0,1,12.475,0.339009288,0.782,0.75,2
825,0,0.242362525,0.188908146,2,4,1,39.6875,0.339009288,0.575,0.29985444,7
826,0,0.242362525,0.188908146,27,0,0,6.95,0.38961039,0.156673,0.29985444,1
827,0,0.242362525,0.188908146,27,0,0,56.4958,0.339009288,0.156673,0.29985444,8
828,1,0.472826087,0.188908146,1,0,2,37.0042,0.553571429,0.575,0.29985444,3
829,1,0.242362525,0.188908146,27,0,0,7.75,0.38961039,0.156673,0.29985444,1
830,1,0.62962963,0.742038217,62,0,0,80,0.339009288,0.782,0.744680851,2
831,1,0.242362525,0.742038217,15,1,0,14.4542,0.553571429,0.782,0.29985444,2
832,1,0.472826087,0.188908146,0.83,1,1,18.75,0.339009288,0.575,0.29985444,3
833,0,0.242362525,0.188908146,27,0,0,7.2292,0.553571429,0.156673,0.29985444,1
834,0,0.242362525,0.188908146,23,0,0,7.8542,0.339009288,0.156673,0.29985444,1
835,0,0.242362525,0.188908146,18,0,0,8.3,0.339009288,0.156673,0.29985444,1
836,1,0.62962963,0.742038217,39,1,1,83.1583,0.553571429,0.697802,0.75,3
837,0,0.242362525,0.188908146,21,0,0,8.6625,0.339009288,0.156673,0.29985444,1
838,0,0.242362525,0.188908146,27,0,0,8.05,0.339009288,0.156673,0.29985444,1
839,1,0.242362525,0.188908146,32,0,0,56.4958,0.339009288,0.156673,0.29985444,8
840,1,0.62962963,0.188908146,39,0,0,29.7,0.553571429,0.156673,0.593220339,1
841,0,0.242362525,0.188908146,20,0,0,7.925,0.339009288,0.156673,0.29985444,1
842,0,0.472826087,0.188908146,16,0,0,10.5,0.339009288,0.156673,0.29985444,2
843,1,0.62962963,0.742038217,30,0,0,31,0.553571429,0.697802,0.29985444,2
844,0,0.242362525,0.188908146,34.5,0,0,6.4375,0.553571429,0.156673,0.29985444,1
845,0,0.242362525,0.188908146,17,0,0,8.6625,0.339009288,0.156673,0.29985444,1
846,0,0.242362525,0.188908146,42,0,0,7.55,0.339009288,0.156673,0.29985444,1
847,0,0.242362525,0.188908146,15,8,2,69.55,0.339009288,0.156673,0.29985444,11
848,0,0.242362525,0.188908146,35,0,0,7.8958,0.553571429,0.156673,0.29985444,1
849,0,0.472826087,0.188908146,28,0,1,33,0.339009288,0,0.29985444,3
850,1,0.62962963,0.742038217,40,1,0,89.1042,0.553571429,0.782,0.593220339,2
851,0,0.242362525,0.188908146,4,4,2,31.275,0.339009288,0.575,0.29985444,7
852,0,0.242362525,0.188908146,74,0,0,7.775,0.339009288,0.156673,0.29985444,1
853,0,0.242362525,0.742038217,9,1,1,15.2458,0.553571429,0.697802,0.29985444,3
854,1,0.62962963,0.742038217,16,0,1,39.4,0.339009288,0.697802,0.757575758,2
855,0,0.472826087,0.742038217,44,1,0,26,0.339009288,0.782,0.29985444,2
856,1,0.242362525,0.742038217,18,0,1,9.35,0.339009288,0.782,0.29985444,2
857,1,0.62962963,0.742038217,45,1,1,164.8667,0.339009288,0.782,0.29985444,4
858,1,0.62962963,0.188908146,51,0,0,26.55,0.339009288,0.156673,0.75,1
859,1,0.242362525,0.742038217,24,0,3,19.2583,0.553571429,0.782,0.29985444,4
860,0,0.242362525,0.188908146,27,0,0,7.2292,0.553571429,0.156673,0.29985444,1
861,0,0.242362525,0.188908146,41,2,0,14.1083,0.339009288,0.156673,0.29985444,2
862,0,0.472826087,0.188908146,21,1,0,11.5,0.339009288,0.156673,0.29985444,1
863,1,0.62962963,0.742038217,48,0,0,25.9292,0.339009288,0.782,0.757575758,1
864,0,0.242362525,0.742038217,15,8,2,69.55,0.339009288,0.697802,0.29985444,11
865,0,0.472826087,0.188908146,24,0,0,13,0.339009288,0.156673,0.29985444,1
866,1,0.472826087,0.742038217,42,0,0,13,0.339009288,0.782,0.29985444,1
867,1,0.472826087,0.742038217,27,1,0,13.8583,0.553571429,0.697802,0.29985444,1
868,0,0.62962963,0.188908146,31,0,0,50.4958,0.339009288,0.156673,0.466666667,1
869,0,0.242362525,0.188908146,27,0,0,9.5,0.339009288,0.156673,0.29985444,1
870,1,0.242362525,0.188908146,4,1,1,11.1333,0.339009288,0.575,0.29985444,3
871,0,0.242362525,0.188908146,26,0,0,7.8958,0.339009288,0.156673,0.29985444,1
872,1,0.62962963,0.742038217,47,1,1,52.5542,0.339009288,0.782,0.757575758,2
873,0,0.62962963,0.188908146,33,0,0,5,0.339009288,0.156673,0.744680851,1
874,0,0.242362525,0.188908146,47,0,0,9,0.339009288,0.156673,0.29985444,1
875,1,0.472826087,0.742038217,28,1,0,24,0.553571429,0.782,0.29985444,2
876,1,0.242362525,0.742038217,15,0,0,7.225,0.553571429,0.697802,0.29985444,1
877,0,0.242362525,0.188908146,20,0,0,9.8458,0.339009288,0.156673,0.29985444,2
878,0,0.242362525,0.188908146,19,0,0,7.8958,0.339009288,0.156673,0.29985444,1
879,0,0.242362525,0.188908146,27,0,0,7.8958,0.339009288,0.156673,0.29985444,1
880,1,0.62962963,0.742038217,56,0,1,83.1583,0.553571429,0.782,0.593220339,3
881,1,0.472826087,0.742038217,25,0,1,26,0.339009288,0.782,0.29985444,2
882,0,0.242362525,0.188908146,33,0,0,7.8958,0.339009288,0.156673,0.29985444,1
883,0,0.242362525,0.742038217,22,0,0,10.5167,0.339009288,0.697802,0.29985444,1
884,0,0.472826087,0.188908146,28,0,0,10.5,0.339009288,0.156673,0.29985444,1
885,0,0.242362525,0.188908146,25,0,0,7.05,0.339009288,0.156673,0.29985444,1
886,0,0.242362525,0.742038217,39,0,5,29.125,0.38961039,0.782,0.29985444,6
887,0,0.472826087,0.188908146,27,0,0,13,0.339009288,0,0.29985444,1
888,1,0.62962963,0.742038217,19,0,0,30,0.339009288,0.697802,0.744680851,1
889,0,0.242362525,0.742038217,24,1,2,23.45,0.339009288,0.697802,0.29985444,4
890,1,0.62962963,0.188908146,26,0,0,30,0.553571429,0.156673,0.593220339,1
891,0,0.242362525,0.188908146,32,0,0,7.75,0.38961039,0.156673,0.29985444,1
892,,0.242362525,0.188908146,34.5,0,0,7.8292,0.38961039,0.156673,0.29985444,1
893,,0.242362525,0.742038217,47,1,0,7,0.339009288,0.782,0.29985444,1
894,,0.472826087,0.188908146,62,0,0,9.6875,0.38961039,0.156673,0.29985444,1
895,,0.242362525,0.188908146,27,0,0,8.6625,0.339009288,0.156673,0.29985444,1
896,,0.242362525,0.742038217,22,1,1,12.2875,0.339009288,0.782,0.29985444,2
897,,0.242362525,0.188908146,14,0,0,9.225,0.339009288,0.156673,0.29985444,1
898,,0.242362525,0.742038217,30,0,0,7.6292,0.38961039,0.697802,0.29985444,1
899,,0.472826087,0.188908146,26,1,1,29,0.339009288,0.156673,0.29985444,3
900,,0.242362525,0.742038217,18,0,0,7.2292,0.553571429,0.782,0.29985444,1
901,,0.242362525,0.188908146,21,2,0,24.15,0.339009288,0.156673,0.29985444,3
902,,0.242362525,0.188908146,27,0,0,7.8958,0.339009288,0.156673,0.29985444,1
903,,0.62962963,0.188908146,46,0,0,26,0.339009288,0.156673,0.29985444,1
904,,0.62962963,0.742038217,23,1,0,82.2667,0.339009288,0.782,0.744680851,2
905,,0.472826087,0.188908146,63,1,0,26,0.339009288,0.156673,0.29985444,2
906,,0.62962963,0.742038217,47,1,0,61.175,0.339009288,0.782,0.75,2
907,,0.472826087,0.742038217,24,1,0,27.7208,0.553571429,0.782,0.29985444,2
908,,0.472826087,0.188908146,35,0,0,12.35,0.38961039,0.156673,0.29985444,1
909,,0.242362525,0.188908146,21,0,0,7.225,0.553571429,0.156673,0.29985444,1
910,,0.242362525,0.742038217,27,1,0,7.925,0.339009288,0.697802,0.29985444,1
911,,0.242362525,0.742038217,45,0,0,7.225,0.553571429,0.782,0.29985444,1
912,,0.62962963,0.188908146,55,1,0,59.4,0.553571429,0.156673,0.29985444,2
913,,0.242362525,0.188908146,9,0,1,3.1708,0.339009288,0.575,0.29985444,1
914,,0.62962963,0.742038217,39,0,0,31.6833,0.339009288,0.782,0.29985444,1
915,,0.62962963,0.188908146,21,0,1,61.3792,0.553571429,0.156673,0.29985444,2
916,,0.62962963,0.742038217,48,1,3,262.375,0.553571429,0.782,0.744680851,7
917,,0.242362525,0.188908146,50,1,0,14.5,0.339009288,0.156673,0.29985444,2
918,,0.62962963,0.742038217,22,0,1,61.9792,0.553571429,0.697802,0.744680851,2
919,,0.242362525,0.188908146,22.5,0,0,7.225,0.553571429,0.156673,0.29985444,1
920,,0.62962963,0.188908146,41,0,0,30.5,0.339009288,0.156673,0.466666667,1
921,,0.242362525,0.188908146,19,2,0,21.6792,0.553571429,0.156673,0.29985444,3
922,,0.472826087,0.188908146,50,1,0,26,0.339009288,0.156673,0.29985444,2
923,,0.472826087,0.188908146,24,2,0,31.5,0.339009288,0.156673,0.29985444,3
924,,0.242362525,0.742038217,33,1,2,20.575,0.339009288,0.782,0.29985444,4
925,,0.242362525,0.742038217,24,1,2,23.45,0.339009288,0.782,0.29985444,4
926,,0.62962963,0.188908146,30,1,0,57.75,0.553571429,0.156673,0.593220339,2
927,,0.242362525,0.188908146,18.5,0,0,7.2292,0.553571429,0.156673,0.29985444,1
928,,0.242362525,0.742038217,27,0,0,8.05,0.339009288,0.697802,0.29985444,1
929,,0.242362525,0.742038217,21,0,0,8.6625,0.339009288,0.697802,0.29985444,1
930,,0.242362525,0.188908146,25,0,0,9.5,0.339009288,0.156673,0.29985444,1
931,,0.242362525,0.188908146,27,0,0,56.4958,0.339009288,0.156673,0.29985444,8
932,,0.242362525,0.188908146,39,0,1,13.4167,0.553571429,0.156673,0.29985444,2
933,,0.62962963,0.188908146,39,0,0,26.55,0.339009288,0.156673,0.757575758,1
934,,0.242362525,0.188908146,41,0,0,7.85,0.339009288,0.156673,0.29985444,1
935,,0.472826087,0.742038217,30,0,0,13,0.339009288,0.782,0.29985444,1
936,,0.62962963,0.742038217,45,1,0,52.5542,0.339009288,0.782,0.757575758,2
937,,0.242362525,0.188908146,25,0,0,7.925,0.339009288,0.156673,0.29985444,1
938,,0.62962963,0.188908146,45,0,0,29.7,0.553571429,0.156673,0.466666667,1
939,,0.242362525,0.188908146,27,0,0,7.75,0.38961039,0.156673,0.29985444,1
940,,0.62962963,0.742038217,60,0,0,76.2917,0.553571429,0.782,0.757575758,2
941,,0.242362525,0.742038217,36,0,2,15.9,0.339009288,0.782,0.29985444,3
942,,0.62962963,0.188908146,24,1,0,60,0.339009288,0.156673,0.593220339,2
943,,0.472826087,0.188908146,27,0,0,15.0333,0.553571429,0.156673,0.29985444,1
944,,0.472826087,0.742038217,20,2,1,23,0.339009288,0.697802,0.29985444,2
945,,0.62962963,0.742038217,28,3,2,263,0.339009288,0.697802,0.593220339,6
946,,0.472826087,0.188908146,31,0,0,15.5792,0.553571429,0.156673,0.29985444,1
947,,0.242362525,0.188908146,10,4,1,29.125,0.38961039,0.575,0.29985444,6
948,,0.242362525,0.188908146,35,0,0,7.8958,0.339009288,0.156673,0.29985444,1
949,,0.242362525,0.188908146,25,0,0,7.65,0.339009288,0.156673,0.615384615,1
950,,0.242362525,0.188908146,24,1,0,16.1,0.339009288,0.156673,0.29985444,2
951,,0.62962963,0.742038217,36,0,0,262.375,0.553571429,0.697802,0.744680851,7
952,,0.242362525,0.188908146,17,0,0,7.8958,0.339009288,0.156673,0.29985444,1
953,,0.472826087,0.188908146,32,0,0,13.5,0.339009288,0.156673,0.29985444,1
954,,0.242362525,0.188908146,18,0,0,7.75,0.339009288,0.156673,0.29985444,1
955,,0.242362525,0.742038217,22,0,0,7.725,0.38961039,0.697802,0.29985444,1
956,,0.62962963,0.188908146,13,2,2,262.375,0.553571429,0.575,0.744680851,7
957,,0.472826087,0.742038217,31,0,0,21,0.339009288,0.782,0.29985444,2
958,,0.242362525,0.742038217,18,0,0,7.8792,0.38961039,0.697802,0.29985444,1
959,,0.62962963,0.188908146,47,0,0,42.4,0.339009288,0.156673,0.29985444,2
960,,0.62962963,0.188908146,31,0,0,28.5375,0.553571429,0.156673,0.593220339,1
961,,0.62962963,0.742038217,60,1,4,263,0.339009288,0.782,0.593220339,6
962,,0.242362525,0.742038217,24,0,0,7.75,0.38961039,0.697802,0.29985444,1
963,,0.242362525,0.188908146,21,0,0,7.8958,0.339009288,0.156673,0.29985444,1
964,,0.242362525,0.742038217,29,0,0,7.925,0.339009288,0.697802,0.29985444,1
965,,0.62962963,0.188908146,28.5,0,0,27.7208,0.553571429,0.156673,0.757575758,1
966,,0.62962963,0.742038217,35,0,0,211.5,0.553571429,0.697802,0.593220339,5
967,,0.62962963,0.188908146,32.5,0,0,211.5,0.553571429,0.156673,0.593220339,5
968,,0.242362525,0.188908146,27,0,0,8.05,0.339009288,0.156673,0.29985444,1
969,,0.62962963,0.742038217,55,2,0,25.7,0.339009288,0.782,0.593220339,1
970,,0.472826087,0.188908146,30,0,0,13,0.339009288,0.156673,0.29985444,1
971,,0.242362525,0.742038217,24,0,0,7.75,0.38961039,0.697802,0.29985444,1
972,,0.242362525,0.188908146,6,1,1,15.2458,0.553571429,0.575,0.29985444,3
973,,0.62962963,0.188908146,67,1,0,221.7792,0.339009288,0.156673,0.593220339,4
974,,0.62962963,0.188908146,49,0,0,26,0.339009288,0.156673,0.29985444,1
975,,0.242362525,0.188908146,27,0,0,7.8958,0.339009288,0.156673,0.29985444,1
976,,0.472826087,0.188908146,31,0,0,10.7083,0.38961039,0.156673,0.29985444,1
977,,0.242362525,0.188908146,24,1,0,14.4542,0.553571429,0.156673,0.29985444,2
978,,0.242362525,0.742038217,27,0,0,7.8792,0.38961039,0.697802,0.29985444,1
979,,0.242362525,0.742038217,18,0,0,8.05,0.339009288,0.697802,0.29985444,1
980,,0.242362525,0.742038217,27,0,0,7.75,0.38961039,1,0.29985444,1
981,,0.472826087,0.188908146,2,1,1,23,0.339009288,0.575,0.29985444,3
982,,0.242362525,0.742038217,22,1,0,13.9,0.339009288,0.782,0.29985444,2
983,,0.242362525,0.188908146,27,0,0,7.775,0.339009288,0.156673,0.29985444,1
984,,0.62962963,0.742038217,27,1,2,52,0.339009288,0.782,0.744680851,2
985,,0.242362525,0.188908146,27,0,0,8.05,0.339009288,0.156673,0.29985444,1
986,,0.62962963,0.188908146,25,0,0,26,0.553571429,0.156673,0.29985444,1
987,,0.242362525,0.188908146,25,0,0,7.7958,0.339009288,0.156673,0.29985444,1
988,,0.62962963,0.742038217,76,1,0,78.85,0.339009288,0.782,0.593220339,3
989,,0.242362525,0.188908146,29,0,0,7.925,0.339009288,0.156673,0.29985444,1
990,,0.242362525,0.742038217,20,0,0,7.8542,0.339009288,0.697802,0.29985444,1
991,,0.242362525,0.188908146,33,0,0,8.05,0.339009288,0.156673,0.29985444,1
992,,0.62962963,0.742038217,43,1,0,55.4417,0.553571429,0.782,0.593220339,2
993,,0.472826087,0.188908146,27,1,0,26,0.339009288,0.156673,0.29985444,2
994,,0.242362525,0.188908146,27,0,0,7.75,0.38961039,0.156673,0.29985444,1
995,,0.242362525,0.188908146,26,0,0,7.775,0.339009288,0.156673,0.29985444,1
996,,0.242362525,0.742038217,16,1,1,8.5167,0.553571429,0.782,0.29985444,2
997,,0.242362525,0.188908146,28,0,0,22.525,0.339009288,0.156673,0.29985444,3
998,,0.242362525,0.188908146,21,0,0,7.8208,0.38961039,0.156673,0.29985444,1
999,,0.242362525,0.188908146,27,0,0,7.75,0.38961039,0.156673,0.29985444,1
1000,,0.242362525,0.188908146,27,0,0,8.7125,0.339009288,0.156673,0.29985444,1
1001,,0.472826087,0.188908146,18.5,0,0,13,0.339009288,0.156673,0.615384615,1
1002,,0.472826087,0.188908146,41,0,0,15.0458,0.553571429,0.156673,0.29985444,1
1003,,0.242362525,0.742038217,27,0,0,7.7792,0.38961039,0.697802,0.29985444,1
1004,,0.62962963,0.742038217,36,0,0,31.6792,0.553571429,0.697802,0.466666667,1
1005,,0.242362525,0.742038217,18.5,0,0,7.2833,0.38961039,0.697802,0.29985444,1
1006,,0.62962963,0.742038217,63,1,0,221.7792,0.339009288,0.782,0.593220339,4
1007,,0.242362525,0.188908146,18,1,0,14.4542,0.553571429,0.156673,0.29985444,2
1008,,0.242362525,0.188908146,27,0,0,6.4375,0.553571429,0.156673,0.29985444,1
1009,,0.242362525,0.742038217,1,1,1,16.7,0.339009288,0.697802,0.5,3
1010,,0.62962963,0.188908146,36,0,0,75.2417,0.553571429,0.156673,0.593220339,2
1011,,0.472826087,0.742038217,29,1,0,26,0.339009288,0.782,0.29985444,2
1012,,0.472826087,0.742038217,12,0,0,15.75,0.339009288,0.697802,0.29985444,2
1013,,0.242362525,0.188908146,24,1,0,7.75,0.38961039,0.156673,0.29985444,1
1014,,0.62962963,0.742038217,35,1,0,57.75,0.553571429,0.782,0.593220339,2
1015,,0.242362525,0.188908146,28,0,0,7.25,0.339009288,0.156673,0.29985444,1
1016,,0.242362525,0.188908146,27,0,0,7.75,0.38961039,0.156673,0.29985444,1
1017,,0.242362525,0.742038217,17,0,1,16.1,0.339009288,0.697802,0.29985444,2
1018,,0.242362525,0.188908146,22,0,0,7.7958,0.339009288,0.156673,0.29985444,1
1019,,0.242362525,0.742038217,19,2,0,23.25,0.38961039,0.697802,0.29985444,3
1020,,0.472826087,0.188908146,42,0,0,13,0.339009288,0.156673,0.29985444,1
1021,,0.242362525,0.188908146,24,0,0,8.05,0.339009288,0.156673,0.29985444,1
1022,,0.242362525,0.188908146,32,0,0,8.05,0.339009288,0.156673,0.29985444,1
1023,,0.62962963,0.188908146,53,0,0,28.5,0.553571429,0.5,0.593220339,1
1024,,0.242362525,0.742038217,27,0,4,25.4667,0.339009288,0.782,0.29985444,5
1025,,0.242362525,0.188908146,24,1,0,6.4375,0.553571429,0.156673,0.29985444,1
1026,,0.242362525,0.188908146,43,0,0,7.8958,0.339009288,0.156673,0.29985444,1
1027,,0.242362525,0.188908146,24,0,0,7.8542,0.339009288,0.156673,0.29985444,1
1028,,0.242362525,0.188908146,26.5,0,0,7.225,0.553571429,0.156673,0.29985444,1
1029,,0.472826087,0.188908146,26,0,0,13,0.339009288,0.156673,0.29985444,1
1030,,0.242362525,0.742038217,23,0,0,8.05,0.339009288,0.697802,0.29985444,1
1031,,0.242362525,0.188908146,40,1,6,46.9,0.339009288,0.156673,0.29985444,8
1032,,0.242362525,0.742038217,10,5,2,46.9,0.339009288,0.697802,0.29985444,8
1033,,0.62962963,0.742038217,33,0,0,151.55,0.339009288,0.697802,0.29985444,6
1034,,0.62962963,0.188908146,61,1,3,262.375,0.553571429,0.156673,0.744680851,7
1035,,0.472826087,0.188908146,28,0,0,26,0.339009288,0.156673,0.29985444,2
1036,,0.62962963,0.188908146,42,0,0,26.55,0.339009288,0.156673,0.29985444,1
1037,,0.242362525,0.188908146,31,3,0,18,0.339009288,0.156673,0.29985444,2
1038,,0.62962963,0.188908146,39,0,0,51.8625,0.339009288,0.156673,0.75,2
1039,,0.242362525,0.188908146,22,0,0,8.05,0.339009288,0.156673,0.29985444,1
1040,,0.62962963,0.188908146,39,0,0,26.55,0.339009288,0.156673,0.29985444,1
1041,,0.472826087,0.188908146,30,1,1,26,0.339009288,0,0.29985444,2
1042,,0.62962963,0.742038217,23,0,1,83.1583,0.553571429,0.782,0.593220339,3
1043,,0.242362525,0.188908146,27,0,0,7.8958,0.553571429,0.156673,0.29985444,1
1044,,0.242362525,0.188908146,60.5,0,0,9.8649,0.339009288,0.156673,0.29985444,1
1045,,0.242362525,0.742038217,36,0,2,12.1833,0.339009288,0.782,0.29985444,2
1046,,0.242362525,0.188908146,13,4,2,31.3875,0.339009288,0.575,0.29985444,7
1047,,0.242362525,0.188908146,24,0,0,7.55,0.339009288,0.156673,0.29985444,1
1048,,0.62962963,0.742038217,29,0,0,221.7792,0.339009288,0.697802,0.593220339,4
1049,,0.242362525,0.742038217,23,0,0,7.8542,0.339009288,0.697802,0.29985444,1
1050,,0.62962963,0.188908146,42,0,0,26.55,0.339009288,0.156673,0.757575758,1
1051,,0.242362525,0.742038217,26,0,2,13.775,0.339009288,0.782,0.29985444,3
1052,,0.242362525,0.742038217,27,0,0,7.7333,0.38961039,0.697802,0.29985444,1
1053,,0.242362525,0.188908146,7,1,1,15.2458,0.553571429,0.575,0.29985444,3
1054,,0.472826087,0.742038217,26,0,0,13.5,0.339009288,0.697802,0.29985444,1
1055,,0.242362525,0.188908146,27,0,0,7,0.339009288,0.156673,0.29985444,1
1056,,0.472826087,0.188908146,41,0,0,13,0.339009288,0,0.29985444,1
1057,,0.242362525,0.742038217,26,1,1,22.025,0.339009288,0.782,0.29985444,3
1058,,0.62962963,0.188908146,48,0,0,50.4958,0.553571429,0.156673,0.744680851,1
1059,,0.242362525,0.188908146,18,2,2,34.375,0.339009288,0.156673,0.29985444,5
1060,,0.62962963,0.742038217,39,0,0,27.7208,0.553571429,0.782,0.29985444,1
1061,,0.242362525,0.742038217,22,0,0,8.9625,0.339009288,0.697802,0.29985444,1
1062,,0.242362525,0.188908146,27,0,0,7.55,0.339009288,0.156673,0.29985444,1
1063,,0.242362525,0.188908146,27,0,0,7.225,0.553571429,0.156673,0.29985444,1
1064,,0.242362525,0.188908146,23,1,0,13.9,0.339009288,0.156673,0.29985444,2
1065,,0.242362525,0.188908146,27,0,0,7.2292,0.553571429,0.156673,0.29985444,1
1066,,0.242362525,0.188908146,40,1,5,31.3875,0.339009288,0.156673,0.29985444,7
1067,,0.472826087,0.742038217,15,0,2,39,0.339009288,0.697802,0.29985444,3
1068,,0.472826087,0.742038217,20,0,0,36.75,0.339009288,0.697802,0.29985444,4
1069,,0.62962963,0.188908146,54,1,0,55.4417,0.553571429,0.156673,0.593220339,2
1070,,0.472826087,0.742038217,36,0,3,39,0.339009288,0.782,0.615384615,4
1071,,0.62962963,0.742038217,64,0,2,83.1583,0.553571429,0.782,0.75,3
1072,,0.472826087,0.188908146,30,0,0,13,0.339009288,0.156673,0.29985444,1
1073,,0.62962963,0.188908146,37,1,1,83.1583,0.553571429,0.156673,0.75,3
1074,,0.62962963,0.742038217,18,1,0,53.1,0.339009288,0.782,0.757575758,2
1075,,0.242362525,0.188908146,27,0,0,7.75,0.38961039,0.156673,0.29985444,1
1076,,0.62962963,0.742038217,27,1,1,247.5208,0.553571429,0.782,0.744680851,3
1077,,0.472826087,0.188908146,40,0,0,16,0.339009288,0.156673,0.29985444,1
1078,,0.472826087,0.742038217,21,0,1,21,0.339009288,0.697802,0.29985444,2
1079,,0.242362525,0.188908146,17,2,0,8.05,0.339009288,0.156673,0.29985444,1
1080,,0.242362525,0.742038217,15,8,2,69.55,0.339009288,0.697802,0.29985444,11
1081,,0.472826087,0.188908146,40,0,0,13,0.339009288,0.156673,0.29985444,1
1082,,0.472826087,0.188908146,34,1,0,26,0.339009288,0.156673,0.29985444,2
1083,,0.62962963,0.188908146,39,0,0,26,0.339009288,0.156673,0.29985444,1
1084,,0.242362525,0.188908146,11.5,1,1,14.5,0.339009288,0.575,0.29985444,3
1085,,0.472826087,0.188908146,61,0,0,12.35,0.38961039,0.156673,0.29985444,1
1086,,0.472826087,0.188908146,8,0,2,32.5,0.339009288,0.575,0.29985444,3
1087,,0.242362525,0.188908146,33,0,0,7.8542,0.339009288,0.156673,0.29985444,1
1088,,0.62962963,0.188908146,6,0,2,134.5,0.553571429,0.575,0.75,5
1089,,0.242362525,0.742038217,18,0,0,7.775,0.339009288,0.697802,0.29985444,1
1090,,0.472826087,0.188908146,23,0,0,10.5,0.339009288,0.156673,0.29985444,1
1091,,0.242362525,0.742038217,27,0,0,8.1125,0.339009288,0.782,0.29985444,1
1092,,0.242362525,0.742038217,27,0,0,15.5,0.38961039,0.697802,0.29985444,2
1093,,0.242362525,0.188908146,0.33,0,2,14.4,0.339009288,0.575,0.29985444,3
1094,,0.62962963,0.188908146,47,1,0,227.525,0.553571429,0.5,0.593220339,5
1095,,0.472826087,0.742038217,8,1,1,26,0.339009288,0.697802,0.29985444,3
1096,,0.472826087,0.188908146,25,0,0,10.5,0.339009288,0.156673,0.29985444,1
1097,,0.62962963,0.188908146,39,0,0,25.7417,0.553571429,0.156673,0.29985444,1
1098,,0.242362525,0.742038217,35,0,0,7.75,0.38961039,0.697802,0.29985444,1
1099,,0.472826087,0.188908146,24,0,0,10.5,0.339009288,0.156673,0.29985444,1
1100,,0.62962963,0.742038217,33,0,0,27.7208,0.553571429,0.697802,0.466666667,1
1101,,0.242362525,0.188908146,25,0,0,7.8958,0.339009288,0.156673,0.29985444,1
1102,,0.242362525,0.188908146,32,0,0,22.525,0.339009288,0.156673,0.29985444,3
1103,,0.242362525,0.188908146,27,0,0,7.05,0.339009288,0.156673,0.29985444,1
1104,,0.472826087,0.188908146,17,0,0,73.5,0.339009288,0.156673,0.29985444,7
1105,,0.472826087,0.742038217,60,1,0,26,0.339009288,0.782,0.29985444,2
1106,,0.242362525,0.742038217,38,4,2,7.775,0.339009288,0.697802,0.29985444,1
1107,,0.62962963,0.188908146,42,0,0,42.5,0.339009288,0.156673,0.744680851,1
1108,,0.242362525,0.742038217,27,0,0,7.8792,0.38961039,0.697802,0.29985444,1
1109,,0.62962963,0.188908146,57,1,1,164.8667,0.339009288,0.156673,0.29985444,4
1110,,0.62962963,0.742038217,50,1,1,211.5,0.553571429,0.782,0.593220339,5
1111,,0.242362525,0.188908146,27,0,0,8.05,0.339009288,0.156673,0.29985444,1
1112,,0.472826087,0.742038217,30,1,0,13.8583,0.553571429,0.697802,0.29985444,1
1113,,0.242362525,0.188908146,21,0,0,8.05,0.339009288,0.156673,0.29985444,1
1114,,0.472826087,0.742038217,22,0,0,10.5,0.339009288,0.782,0.615384615,1
1115,,0.242362525,0.188908146,21,0,0,7.7958,0.339009288,0.156673,0.29985444,1
1116,,0.62962963,0.742038217,53,0,0,27.4458,0.553571429,0.782,0.29985444,1
1117,,0.242362525,0.742038217,27,0,2,15.2458,0.553571429,0.782,0.29985444,3
1118,,0.242362525,0.188908146,23,0,0,7.7958,0.339009288,0.156673,0.29985444,1
1119,,0.242362525,0.742038217,27,0,0,7.75,0.38961039,0.697802,0.29985444,1
1120,,0.242362525,0.188908146,40.5,0,0,15.1,0.339009288,0.156673,0.29985444,2
1121,,0.472826087,0.188908146,36,0,0,13,0.339009288,0.156673,0.29985444,1
1122,,0.472826087,0.188908146,14,0,0,65,0.339009288,0.156673,0.29985444,5
1123,,0.62962963,0.742038217,21,0,0,26.55,0.339009288,0.697802,0.29985444,1
1124,,0.242362525,0.188908146,21,1,0,6.4958,0.339009288,0.156673,0.29985444,1
1125,,0.242362525,0.188908146,27,0,0,7.8792,0.38961039,0.156673,0.29985444,1
1126,,0.62962963,0.188908146,39,1,0,71.2833,0.553571429,0.156673,0.593220339,2
1127,,0.242362525,0.188908146,20,0,0,7.8542,0.339009288,0.156673,0.29985444,1
1128,,0.62962963,0.188908146,64,1,0,75.25,0.553571429,0.156673,0.757575758,2
1129,,0.242362525,0.188908146,20,0,0,7.225,0.553571429,0.156673,0.29985444,1
1130,,0.472826087,0.742038217,18,1,1,13,0.339009288,0.697802,0.29985444,1
1131,,0.62962963,0.742038217,48,1,0,106.425,0.553571429,0.782,0.593220339,3
1132,,0.62962963,0.742038217,55,0,0,27.7208,0.553571429,0.782,0.29985444,1
1133,,0.472826087,0.742038217,45,0,2,30,0.339009288,0.782,0.29985444,2
1134,,0.62962963,0.188908146,45,1,1,134.5,0.553571429,0.156673,0.75,5
1135,,0.242362525,0.188908146,27,0,0,7.8875,0.339009288,0.156673,0.29985444,1
1136,,0.242362525,0.188908146,24,1,2,23.45,0.339009288,0.575,0.29985444,4
1137,,0.62962963,0.188908146,41,1,0,51.8625,0.339009288,0.156673,0.757575758,2
1138,,0.472826087,0.742038217,22,0,0,21,0.339009288,0.782,0.29985444,2
1139,,0.472826087,0.188908146,42,1,1,32.5,0.339009288,0.156673,0.29985444,3
1140,,0.472826087,0.742038217,29,1,0,26,0.339009288,0.782,0.29985444,2
1141,,0.242362525,0.742038217,24,1,0,14.4542,0.553571429,0.782,0.29985444,2
1142,,0.472826087,0.742038217,0.92,1,2,27.75,0.339009288,0.697802,0.29985444,4
1143,,0.242362525,0.188908146,20,0,0,7.925,0.339009288,0.156673,0.29985444,1
1144,,0.62962963,0.188908146,27,1,0,136.7792,0.553571429,0.156673,0.593220339,2
1145,,0.242362525,0.188908146,24,0,0,9.325,0.339009288,0.156673,0.29985444,1
1146,,0.242362525,0.188908146,32.5,0,0,9.5,0.339009288,0.156673,0.29985444,1
1147,,0.242362525,0.188908146,27,0,0,7.55,0.339009288,0.156673,0.29985444,1
1148,,0.242362525,0.188908146,27,0,0,7.75,0.38961039,0.156673,0.29985444,1
1149,,0.242362525,0.188908146,28,0,0,8.05,0.339009288,0.156673,0.29985444,1
1150,,0.472826087,0.742038217,19,0,0,13,0.339009288,0.697802,0.29985444,1
1151,,0.242362525,0.188908146,21,0,0,7.775,0.339009288,0.156673,0.29985444,1
1152,,0.242362525,0.188908146,36.5,1,0,17.4,0.339009288,0.156673,0.29985444,2
1153,,0.242362525,0.188908146,21,0,0,7.8542,0.339009288,0.156673,0.29985444,1
1154,,0.472826087,0.742038217,29,0,2,23,0.339009288,0.782,0.29985444,3
1155,,0.242362525,0.742038217,1,1,1,12.1833,0.339009288,0.697802,0.29985444,2
1156,,0.472826087,0.188908146,30,0,0,12.7375,0.553571429,0.156673,0.29985444,1
1157,,0.242362525,0.188908146,27,0,0,7.8958,0.339009288,0.156673,0.29985444,1
1158,,0.62962963,0.188908146,39,0,0,0,0.339009288,0.156673,0.29985444,1
1159,,0.242362525,0.188908146,27,0,0,7.55,0.339009288,0.156673,0.29985444,1
1160,,0.242362525,0.742038217,27,0,0,8.05,0.339009288,0.697802,0.29985444,1
1161,,0.242362525,0.188908146,17,0,0,8.6625,0.339009288,0.156673,0.29985444,1
1162,,0.62962963,0.188908146,46,0,0,75.2417,0.553571429,0.156673,0.593220339,2
1163,,0.242362525,0.188908146,27,0,0,7.75,0.38961039,0.156673,0.29985444,1
1164,,0.62962963,0.742038217,26,1,0,136.7792,0.553571429,0.782,0.593220339,2
1165,,0.242362525,0.742038217,24,1,0,15.5,0.38961039,0.697802,0.29985444,2
1166,,0.242362525,0.188908146,27,0,0,7.225,0.553571429,0.156673,0.29985444,1
1167,,0.472826087,0.742038217,20,1,0,26,0.339009288,0.697802,0.29985444,2
1168,,0.472826087,0.188908146,28,0,0,10.5,0.339009288,0.156673,0.29985444,1
1169,,0.472826087,0.188908146,40,1,0,26,0.339009288,0.156673,0.29985444,2
1170,,0.472826087,0.188908146,30,1,0,21,0.339009288,0.156673,0.29985444,2
1171,,0.472826087,0.188908146,22,0,0,10.5,0.339009288,0.156673,0.29985444,1
1172,,0.242362525,0.742038217,23,0,0,8.6625,0.339009288,0.697802,0.29985444,1
1173,,0.242362525,0.188908146,0.75,1,1,13.775,0.339009288,0.575,0.29985444,3
1174,,0.242362525,0.742038217,27,0,0,7.75,0.38961039,0.697802,0.29985444,1
1175,,0.242362525,0.742038217,9,1,1,15.2458,0.553571429,0.697802,0.29985444,3
1176,,0.242362525,0.742038217,2,1,1,20.2125,0.339009288,0.697802,0.29985444,3
1177,,0.242362525,0.188908146,36,0,0,7.25,0.339009288,0.156673,0.29985444,1
1178,,0.242362525,0.188908146,27,0,0,7.25,0.339009288,0.156673,0.29985444,1
1179,,0.62962963,0.188908146,24,1,0,82.2667,0.339009288,0.156673,0.744680851,2
1180,,0.242362525,0.188908146,27,0,0,7.2292,0.553571429,0.156673,0.615384615,1
1181,,0.242362525,0.188908146,27,0,0,8.05,0.339009288,0.156673,0.29985444,1
1182,,0.62962963,0.188908146,39,0,0,39.6,0.339009288,0.156673,0.29985444,1
1183,,0.242362525,0.742038217,30,0,0,6.95,0.38961039,0.697802,0.29985444,1
1184,,0.242362525,0.188908146,27,0,0,7.2292,0.553571429,0.156673,0.29985444,1
1185,,0.62962963,0.188908146,53,1,1,81.8583,0.339009288,0.428571,0.466666667,3
1186,,0.242362525,0.188908146,36,0,0,9.5,0.339009288,0.156673,0.29985444,1
1187,,0.242362525,0.188908146,26,0,0,7.8958,0.339009288,0.156673,0.29985444,1
1188,,0.472826087,0.742038217,1,1,2,41.5792,0.553571429,0.697802,0.29985444,4
1189,,0.242362525,0.188908146,19,2,0,21.6792,0.553571429,0.156673,0.29985444,3
1190,,0.62962963,0.188908146,30,0,0,45.5,0.339009288,0.156673,0.29985444,1
1191,,0.242362525,0.188908146,29,0,0,7.8542,0.339009288,0.156673,0.29985444,1
1192,,0.242362525,0.188908146,32,0,0,7.775,0.339009288,0.156673,0.29985444,1
1193,,0.472826087,0.188908146,31,0,0,15.0458,0.553571429,0.156673,0.757575758,1
1194,,0.472826087,0.188908146,43,0,1,21,0.339009288,0.156673,0.29985444,2
1195,,0.242362525,0.188908146,24,0,0,8.6625,0.339009288,0.156673,0.29985444,1
1196,,0.242362525,0.742038217,27,0,0,7.75,0.38961039,0.697802,0.29985444,1
1197,,0.62962963,0.742038217,64,1,1,26.55,0.339009288,0.782,0.744680851,1
1198,,0.62962963,0.188908146,30,1,2,151.55,0.339009288,0.156673,0.593220339,6
1199,,0.242362525,0.188908146,0.83,0,1,9.35,0.339009288,0.575,0.29985444,2
1200,,0.62962963,0.188908146,55,1,1,93.5,0.339009288,0.156673,0.744680851,4
1201,,0.242362525,0.742038217,45,1,0,14.1083,0.339009288,0.782,0.29985444,2
1202,,0.242362525,0.188908146,18,0,0,8.6625,0.339009288,0.156673,0.29985444,1
1203,,0.242362525,0.188908146,22,0,0,7.225,0.553571429,0.156673,0.29985444,1
1204,,0.242362525,0.188908146,27,0,0,7.575,0.339009288,0.156673,0.29985444,1
1205,,0.242362525,0.742038217,37,0,0,7.75,0.38961039,0.697802,0.29985444,1
1206,,0.62962963,0.742038217,55,0,0,135.6333,0.553571429,0.782,0.593220339,4
1207,,0.242362525,0.742038217,17,0,0,7.7333,0.38961039,0.697802,0.29985444,1
1208,,0.62962963,0.188908146,57,1,0,146.5208,0.553571429,0.156673,0.744680851,3
1209,,0.472826087,0.188908146,19,0,0,10.5,0.339009288,0.156673,0.29985444,1
1210,,0.242362525,0.188908146,27,0,0,7.8542,0.339009288,0.156673,0.29985444,1
1211,,0.472826087,0.188908146,22,2,0,31.5,0.339009288,0.156673,0.29985444,3
1212,,0.242362525,0.188908146,26,0,0,7.775,0.339009288,0.156673,0.29985444,1
1213,,0.242362525,0.188908146,25,0,0,7.2292,0.553571429,0.156673,0.615384615,1
1214,,0.472826087,0.188908146,26,0,0,13,0.339009288,0.156673,0.615384615,1
1215,,0.62962963,0.188908146,33,0,0,26.55,0.339009288,0.156673,0.29985444,1
1216,,0.62962963,0.742038217,39,0,0,211.3375,0.339009288,0.697802,0.29985444,4
1217,,0.242362525,0.188908146,23,0,0,7.05,0.339009288,0.156673,0.29985444,1
1218,,0.472826087,0.742038217,12,2,1,39,0.339009288,0.697802,0.615384615,4
1219,,0.62962963,0.188908146,46,0,0,79.2,0.553571429,0.156673,0.29985444,2
1220,,0.472826087,0.188908146,29,1,0,26,0.339009288,0.156673,0.29985444,2
1221,,0.472826087,0.188908146,21,0,0,13,0.339009288,0.156673,0.29985444,1
1222,,0.472826087,0.742038217,48,0,2,36.75,0.339009288,0.782,0.29985444,4
1223,,0.62962963,0.188908146,39,0,0,29.7,0.553571429,0.156673,0.466666667,1
1224,,0.242362525,0.188908146,27,0,0,7.225,0.553571429,0.156673,0.29985444,1
1225,,0.242362525,0.742038217,19,1,1,15.7417,0.553571429,0.782,0.29985444,3
1226,,0.242362525,0.188908146,27,0,0,7.8958,0.339009288,0.156673,0.29985444,1
1227,,0.62962963,0.188908146,30,0,0,26,0.339009288,0.156673,0.593220339,1
1228,,0.472826087,0.188908146,32,0,0,13,0.339009288,0.156673,0.29985444,1
1229,,0.242362525,0.188908146,39,0,2,7.2292,0.553571429,0.156673,0.29985444,1
1230,,0.472826087,0.188908146,25,0,0,31.5,0.339009288,0.156673,0.29985444,3
1231,,0.242362525,0.188908146,27,0,0,7.2292,0.553571429,0.575,0.29985444,1
1232,,0.472826087,0.188908146,18,0,0,10.5,0.339009288,0.156673,0.29985444,1
1233,,0.242362525,0.188908146,32,0,0,7.5792,0.339009288,0.156673,0.29985444,1
1234,,0.242362525,0.188908146,24,1,9,69.55,0.339009288,0.156673,0.29985444,11
1235,,0.62962963,0.742038217,58,0,1,512.3292,0.553571429,0.782,0.744680851,4
1236,,0.242362525,0.188908146,24,1,1,14.5,0.339009288,0.575,0.29985444,3
1237,,0.242362525,0.742038217,16,0,0,7.65,0.339009288,0.697802,0.29985444,1
1238,,0.472826087,0.188908146,26,0,0,13,0.339009288,0.156673,0.29985444,1
1239,,0.242362525,0.742038217,38,0,0,7.2292,0.553571429,0.782,0.29985444,1
1240,,0.472826087,0.188908146,24,0,0,13.5,0.339009288,0.156673,0.29985444,1
1241,,0.472826087,0.742038217,31,0,0,21,0.339009288,0.697802,0.29985444,2
1242,,0.62962963,0.742038217,45,0,1,63.3583,0.553571429,0.782,0.757575758,2
1243,,0.472826087,0.188908146,25,0,0,10.5,0.339009288,0.156673,0.29985444,1
1244,,0.472826087,0.188908146,18,0,0,73.5,0.339009288,0.156673,0.29985444,7
1245,,0.472826087,0.188908146,49,1,2,65,0.339009288,0.156673,0.29985444,5
1246,,0.242362525,0.742038217,0.17,1,2,20.575,0.339009288,0.697802,0.29985444,4
1247,,0.62962963,0.188908146,50,0,0,26,0.339009288,0.156673,0.75,1
1248,,0.62962963,0.742038217,59,2,0,51.4792,0.339009288,0.782,0.593220339,2
1249,,0.242362525,0.188908146,27,0,0,7.8792,0.339009288,0.156673,0.29985444,1
1250,,0.242362525,0.188908146,27,0,0,7.75,0.38961039,0.156673,0.29985444,1
1251,,0.242362525,0.742038217,30,1,0,15.55,0.339009288,0.782,0.29985444,2
1252,,0.242362525,0.188908146,14.5,8,2,69.55,0.339009288,0.575,0.29985444,11
1253,,0.472826087,0.742038217,24,1,1,37.0042,0.553571429,0.782,0.29985444,3
1254,,0.472826087,0.742038217,31,0,0,21,0.339009288,0.782,0.29985444,2
1255,,0.242362525,0.188908146,27,0,0,8.6625,0.339009288,0.156673,0.29985444,1
1256,,0.62962963,0.742038217,25,1,0,55.4417,0.553571429,0.782,0.75,2
1257,,0.242362525,0.742038217,24,1,9,69.55,0.339009288,0.782,0.29985444,11
1258,,0.242362525,0.188908146,24,1,0,14.4583,0.553571429,0.156673,0.29985444,2
1259,,0.242362525,0.742038217,22,0,0,39.6875,0.339009288,0.697802,0.29985444,7
1260,,0.62962963,0.742038217,45,0,1,59.4,0.553571429,0.782,0.29985444,2
1261,,0.472826087,0.188908146,29,0,0,13.8583,0.553571429,0.156673,0.29985444,1
1262,,0.472826087,0.188908146,21,1,0,11.5,0.339009288,0.156673,0.29985444,1
1263,,0.62962963,0.742038217,31,0,0,134.5,0.553571429,0.697802,0.75,5
1264,,0.62962963,0.188908146,49,0,0,0,0.339009288,0.156673,0.744680851,2
1265,,0.472826087,0.188908146,44,0,0,13,0.339009288,0.156673,0.29985444,1
1266,,0.62962963,0.742038217,54,1,1,81.8583,0.339009288,0.782,0.466666667,3
1267,,0.62962963,0.742038217,45,0,0,262.375,0.553571429,0.697802,0.29985444,7
1268,,0.242362525,0.742038217,22,2,0,8.6625,0.339009288,0.697802,0.29985444,1
1269,,0.472826087,0.188908146,21,0,0,11.5,0.339009288,0.156673,0.29985444,1
1270,,0.62962963,0.188908146,55,0,0,50,0.339009288,0.156673,0.593220339,1
1271,,0.242362525,0.188908146,5,4,2,31.3875,0.339009288,0.575,0.29985444,7
1272,,0.242362525,0.188908146,27,0,0,7.75,0.38961039,0.156673,0.29985444,1
1273,,0.242362525,0.188908146,26,0,0,7.8792,0.38961039,0.156673,0.29985444,1
1274,,0.242362525,0.742038217,27,0,0,14.5,0.339009288,0.782,0.29985444,2
1275,,0.242362525,0.742038217,19,1,0,16.1,0.339009288,0.782,0.29985444,2
1276,,0.472826087,0.188908146,31,0,0,12.875,0.339009288,0.156673,0.29985444,1
1277,,0.472826087,0.742038217,24,1,2,65,0.339009288,0.697802,0.29985444,5
1278,,0.242362525,0.188908146,24,0,0,7.775,0.339009288,0.156673,0.29985444,1
1279,,0.472826087,0.188908146,57,0,0,13,0.339009288,0.156673,0.29985444,1
1280,,0.242362525,0.188908146,21,0,0,7.75,0.38961039,0.156673,0.29985444,1
1281,,0.242362525,0.188908146,6,3,1,21.075,0.339009288,0.575,0.29985444,5
1282,,0.62962963,0.188908146,23,0,0,93.5,0.339009288,0.156673,0.744680851,4
1283,,0.62962963,0.742038217,51,0,1,39.4,0.339009288,0.782,0.757575758,2
1284,,0.242362525,0.188908146,13,0,2,20.25,0.339009288,0.575,0.29985444,3
1285,,0.472826087,0.188908146,47,0,0,10.5,0.339009288,0.156673,0.29985444,1
1286,,0.242362525,0.188908146,29,3,1,22.025,0.339009288,0.156673,0.29985444,3
1287,,0.62962963,0.742038217,18,1,0,60,0.339009288,0.782,0.593220339,2
1288,,0.242362525,0.188908146,24,0,0,7.25,0.38961039,0.156673,0.29985444,1
1289,,0.62962963,0.742038217,48,1,1,79.2,0.553571429,0.782,0.744680851,2
1290,,0.242362525,0.188908146,22,0,0,7.775,0.339009288,0.156673,0.29985444,1
1291,,0.242362525,0.188908146,31,0,0,7.7333,0.38961039,0.156673,0.29985444,1
1292,,0.62962963,0.742038217,30,0,0,164.8667,0.339009288,0.697802,0.593220339,4
1293,,0.472826087,0.188908146,38,1,0,21,0.339009288,0.156673,0.29985444,2
1294,,0.62962963,0.742038217,22,0,1,59.4,0.553571429,0.697802,0.29985444,2
1295,,0.62962963,0.188908146,17,0,0,47.1,0.339009288,0.156673,0.29985444,2
1296,,0.62962963,0.188908146,43,1,0,27.7208,0.553571429,0.156673,0.757575758,1
1297,,0.472826087,0.188908146,20,0,0,13.8625,0.553571429,0.156673,0.757575758,1
1298,,0.472826087,0.188908146,23,1,0,10.5,0.339009288,0.156673,0.29985444,1
1299,,0.62962963,0.188908146,50,1,1,211.5,0.553571429,0.156673,0.593220339,5
1300,,0.242362525,0.742038217,27,0,0,7.7208,0.38961039,0.697802,0.29985444,1
1301,,0.242362525,0.742038217,3,1,1,13.775,0.339009288,0.697802,0.29985444,3
1302,,0.242362525,0.742038217,27,0,0,7.75,0.38961039,0.697802,0.29985444,1
1303,,0.62962963,0.742038217,37,1,0,90,0.38961039,0.782,0.593220339,3
1304,,0.242362525,0.742038217,28,0,0,7.775,0.339009288,0.697802,0.29985444,1
1305,,0.242362525,0.188908146,27,0,0,8.05,0.339009288,0.156673,0.29985444,1
1306,,0.62962963,0.742038217,39,0,0,108.9,0.553571429,1,0.593220339,3
1307,,0.242362525,0.188908146,38.5,0,0,7.25,0.339009288,0.156673,0.29985444,1
1308,,0.242362525,0.188908146,27,0,0,8.05,0.339009288,0.156673,0.29985444,1
1309,,0.242362525,0.188908146,24,1,1,22.3583,0.553571429,0.575,0.29985444,3
